t_s,weight
0.0074,0.0
0.0158,0.0
0.0241,0.0
0.0325,0.0
0.0408,0.0
0.0492,0.0
0.0575,0.0
0.0658,0.0
0.0742,0.0
0.0825,0.0
0.0909,0.0
0.0992,0.0
0.1075,0.0
0.1159,0.0
0.1242,0.0
0.1326,0.0
0.1409,0.0
0.1493,0.0
0.1576,0.0
0.1659,0.0
0.1743,0.0
0.1826,0.0
0.191,0.0
0.1993,0.0
0.2076,0.0
0.216,0.0
0.2243,0.0
0.2327,0.0
0.241,0.0
0.2494,0.0
0.2577,0.0
0.266,0.0
0.2744,0.0
0.2827,0.0
0.2911,0.0
0.2994,0.0
0.3077,0.0
0.3161,0.0
0.3244,0.0
0.3328,0.0
0.3411,0.0
0.3495,0.0
0.3578,0.0
0.3661,0.0
0.3745,0.0
0.3828,0.0
0.3912,0.0
0.3995,0.0
0.4078,0.0
0.4162,0.0
0.4245,0.0
0.4329,0.0
0.4412,0.0
0.4496,0.0
0.4579,0.0
0.4662,0.0
0.4746,0.0
0.4829,0.0
0.4913,0.0
0.4996,0.0
0.5079,0.0
0.5163,0.0
0.5246,0.0
0.533,0.0
0.5413,0.0
0.5497,0.0
0.558,0.0
0.5663,0.0
0.5747,0.0
0.583,0.0
0.5914,0.0
0.5997,0.0
0.608,0.0
0.6164,0.0
0.6247,0.0
0.6331,0.0
0.6414,0.0
0.6498,0.0
0.6581,0.0
0.6664,0.0
0.6748,0.0
0.6831,0.0
0.6915,0.0
0.6998,0.0
0.7081,0.0
0.7165,0.0
0.7248,0.0
0.7332,0.0
0.7415,0.0
0.7499,0.0
0.7582,0.0
0.7665,0.0
0.7749,0.0
0.7832,0.0
0.7916,0.0
0.7999,0.0
0.8082,0.0
0.8166,0.0
0.8249,0.0
0.8333,0.0
0.8416,0.0
0.85,0.0
0.8583,0.0
0.8666,0.0
0.875,0.0
0.8833,0.0
0.8917,0.0
0.9,0.0
0.9083,0.0
0.9167,0.0
0.925,0.0
0.9334,0.0
0.9417,0.0
0.9501,0.0
0.9584,0.0
0.9667,0.0
0.9751,0.0
0.9834,0.0
0.9918,0.0
1.0001,0.0
1.0084,0.0
1.0168,0.0
1.0251,0.0
1.0335,0.0
1.0418,0.3
1.0502,0.6
1.0585,0.9
1.0668,1.1
1.0752,1.4
1.0835,1.7
1.0919,2.0
1.1002,2.0
1.1085,2.0
1.1169,2.0
1.1252,2.0
1.1336,2.0
1.1419,2.0
1.1503,2.0
1.1586,2.0
1.1669,2.0
1.1753,2.0
1.1836,2.0
1.192,2.0
1.2003,2.0
1.2086,2.0
1.217,2.0
1.2253,2.0
1.2337,2.0
1.242,5.1
1.2504,5.1
1.2587,5.1
1.267,5.1
1.2754,5.1
1.2837,5.1
1.2921,5.1
1.3004,5.1
1.3087,5.1
1.3171,5.1
1.3254,5.1
1.3338,13.9
1.3421,22.4
1.3505,22.4
1.3588,22.4
1.3671,22.4
1.3755,22.4
1.3838,22.4
1.3922,22.4
1.4005,22.4
1.4088,22.4
1.4172,22.4
1.4255,22.4
1.4339,22.4
1.4422,22.4
1.4506,22.4
1.4589,22.8
1.4672,22.8
1.4756,22.8
1.4839,22.8
1.4923,22.8
1.5006,22.8
1.5089,22.8
1.5173,22.8
1.5256,22.8
1.534,22.8
1.5423,28.2
1.5507,28.2
1.559,28.2
1.5673,28.2
1.5757,28.2
1.584,28.2
1.5924,28.2
1.6007,28.2
1.609,28.2
1.6174,28.2
1.6257,28.2
1.6341,28.2
1.6424,28.2
1.6508,28.2
1.6591,28.2
1.6674,28.2
1.6758,28.2
1.6841,28.2
1.6925,28.2
1.7008,28.2
1.7091,28.2
1.7175,28.2
1.7258,28.2
1.7342,28.2
1.7425,28.3
1.7509,29.0
1.7592,29.8
1.7675,29.8
1.7759,29.8
1.7842,29.8
1.7926,29.8
1.8009,29.8
1.8092,29.8
1.8176,29.8
1.8259,29.8
1.8343,30.1
1.8426,30.3
1.851,30.6
1.8593,30.9
1.8676,31.0
1.876,31.0
1.8843,31.0
1.8927,31.0
1.901,31.0
1.9093,31.0
1.9177,31.0
1.926,31.0
1.9344,31.0
1.9427,31.0
1.9511,31.0
1.9594,31.0
1.9677,31.0
1.9761,31.0
1.9844,31.0
1.9928,31.0
2.0011,31.0
2.0094,31.0
2.0178,31.0
2.0261,31.0
2.0345,31.0
2.0428,31.0
2.0512,31.0
2.0595,31.0
2.0678,31.0
2.0762,31.0
2.0845,31.0
2.0929,31.0
2.1012,31.0
2.1095,31.0
2.1179,31.0
2.1262,31.0
2.1346,31.0
2.1429,31.0
2.1513,31.0
2.1596,31.0
2.1679,31.0
2.1763,31.0
2.1846,31.0
2.193,31.0
2.2013,31.0
2.2096,31.0
2.218,31.0
2.2263,31.0
2.2347,31.0
2.243,31.0
2.2514,31.0
2.2597,31.0
2.268,31.0
2.2764,31.0
2.2847,31.0
2.2931,31.0
2.3014,31.0
2.3097,31.0
2.3181,31.0
2.3264,31.0
2.3348,31.0
2.3431,31.0
2.3515,31.0
2.3598,31.0
2.3681,31.0
2.3765,31.0
2.3848,31.0
2.3932,31.0
2.4015,31.0
2.4098,31.0
2.4182,31.0
2.4265,31.0
2.4349,31.0
2.4432,31.0
2.4516,31.0
2.4599,31.0
2.4682,31.0
2.4766,31.0
2.4849,31.0
2.4933,31.0
2.5016,31.0
2.5099,31.0
2.5183,31.0
2.5266,31.0
2.535,31.0
2.5433,31.0
2.5517,31.0
2.56,31.0
2.5683,31.0
2.5767,31.0
2.585,31.0
2.5934,31.0
2.6017,31.0
2.61,31.0
2.6184,31.0
2.6267,31.0
2.6351,31.0
2.6434,31.0
2.6518,31.0
2.6601,31.0
2.6684,31.0
2.6768,31.0
2.6851,31.0
2.6935,31.0
2.7018,31.0
2.7101,31.0
2.7185,31.0
2.7268,31.0
2.7352,31.0
2.7435,31.0
2.7519,31.0
2.7602,31.0
2.7685,31.0
2.7769,31.0
2.7852,31.0
2.7936,31.0
2.8019,31.0
2.8102,31.0
2.8186,31.0
2.8269,31.0
2.8353,31.0
2.8436,31.0
2.852,31.0
2.8603,31.0
2.8686,31.0
2.877,31.0
2.8853,31.0
2.8937,31.0
2.902,31.0
2.9104,31.0
2.9187,31.0
2.927,31.0
2.9354,31.0
2.9437,31.0
2.9521,31.0
2.9604,31.0
2.9687,31.0
2.9771,31.0
2.9854,31.0
2.9938,31.0
