experiment,run,key,value,step
egoper_probe_coffee,capable-mare-312,error_window_frac,0.03940586001085187,0
egoper_probe_coffee,capable-mare-312,oneclass_window_ap,0.08585619517522808,0
egoper_probe_coffee,capable-mare-312,oneclass_window_roc_auc,0.5684756592920193,0
egoper_probe_coffee,capable-mare-312,video_roc_auc,0.7040816326530612,0
egoper_probe_coffee,capable-mare-312,window_ap,0.16365965192595308,0
egoper_probe_coffee,capable-mare-312,window_roc_auc,0.7054461036287929,0
egoper_probe_coffee,secretive-robin-939,error_window_frac,0.03940586001085187,0
egoper_probe_coffee,secretive-robin-939,oneclass_window_ap,0.08803093437639345,0
egoper_probe_coffee,secretive-robin-939,oneclass_window_roc_auc,0.5870294609452129,0
egoper_probe_coffee,secretive-robin-939,video_roc_auc,0.6632653061224489,0
egoper_probe_coffee,secretive-robin-939,window_ap,0.1573604330518486,0
egoper_probe_coffee,secretive-robin-939,window_roc_auc,0.7303906389458614,0
exprt_action_probe,augmented_k128,majority_baseline,0.3333333333333333,0
exprt_action_probe,augmented_k128,majority_baseline,0.42105263157894735,0
exprt_action_probe,augmented_k128,p_value_aug,0.0,0
exprt_action_probe,augmented_k128,p_value_aug,0.0,0
exprt_action_probe,augmented_k128,perm_null_aug,0.21083333333333334,0
exprt_action_probe,augmented_k128,perm_null_aug,0.2784210526315789,0
exprt_action_probe,augmented_k128,runtime_s,2068.1356253623962,0
exprt_action_probe,augmented_k128,runtime_s,5918.054120063782,0
exprt_action_probe,augmented_k128,video_loo_aug,0.7083333333333334,0
exprt_action_probe,augmented_k128,video_loo_aug,0.7894736842105263,0
exprt_action_probe,augmented_k128,video_loo_noaug,0.625,0
exprt_action_probe,augmented_k128,video_loo_noaug,0.7368421052631579,0
exprt_action_probe,augmented_k4,majority_baseline,0.42105263157894735,0
exprt_action_probe,augmented_k4,p_value_aug,0.0,0
exprt_action_probe,augmented_k4,perm_null_aug,0.34736842105263155,0
exprt_action_probe,augmented_k4,runtime_s,113.50338006019592,0
exprt_action_probe,augmented_k4,video_loo_aug,0.7368421052631579,0
exprt_action_probe,augmented_k4,video_loo_noaug,0.7368421052631579,0
exprt_action_probe,vjepa_meanpool_logreg_pilot,majority_baseline,0.42105263157894735,0
exprt_action_probe,vjepa_meanpool_logreg_pilot,majority_baseline,0.42105263157894735,0
exprt_action_probe,vjepa_meanpool_logreg_pilot,p_value_segment,0.0,0
exprt_action_probe,vjepa_meanpool_logreg_pilot,p_value_video,0.0,0
exprt_action_probe,vjepa_meanpool_logreg_pilot,perm_null_segment,0.306140350877193,0
exprt_action_probe,vjepa_meanpool_logreg_pilot,perm_null_video,0.3031578947368421,0
exprt_action_probe,vjepa_meanpool_logreg_pilot,probe_insample_acc,1.0,0
exprt_action_probe,vjepa_meanpool_logreg_pilot,probe_loo_acc,0.7368421052631579,0
exprt_action_probe,vjepa_meanpool_logreg_pilot,probe_segment_loo,0.7368421052631579,0
exprt_action_probe,vjepa_meanpool_logreg_pilot,probe_video_loo,0.7368421052631579,0
exprt_action_probe,vjepa_meanpool_logreg_pilot,zeroshot_verb_top1,0.05263157894736842,0
exprt_action_probe,vjepa_meanpool_logreg_pilot,zeroshot_verb_top1,0.05263157894736842,0
exprt_action_probe,vjepa_meanpool_logreg_pilot,zeroshot_verb_top5,0.8947368421052632,0
exprt_action_probe,vjepa_meanpool_logreg_pilot,zeroshot_verb_top5,0.8947368421052632,0
exprt_anomaly,binary_fold0_seed0,best_video_roc_auc_mean,0.0,0
exprt_anomaly,binary_fold0_seed0,best_video_roc_auc_mean,-1.0,0
exprt_anomaly,binary_fold0_seed0,clip_ap,0.8036233539804205,1
exprt_anomaly,binary_fold0_seed0,clip_ap,1.0,29
exprt_anomaly,binary_fold0_seed0,clip_roc_auc,0.25780195681511475,1
exprt_anomaly,binary_fold0_seed0,clip_roc_auc,0.0,29
exprt_anomaly,binary_fold0_seed0,train_loss,0.6979307053102688,1
exprt_anomaly,binary_fold0_seed0,train_loss,0.5685854229789514,29
exprt_anomaly,binary_fold0_seed0,val_loss,1.0499226888020834,1
exprt_anomaly,binary_fold0_seed0,val_loss,1.3606058800662006,29
exprt_anomaly,binary_fold0_seed0,video_ap_mean,0.6791666666666667,1
exprt_anomaly,binary_fold0_seed0,video_ap_mean,0.0,29
exprt_anomaly,binary_fold0_seed0,video_roc_auc_max,0.5,1
exprt_anomaly,binary_fold0_seed0,video_roc_auc_max,0.0,29
exprt_anomaly,binary_fold0_seed0,video_roc_auc_mean,0.0,1
exprt_anomaly,binary_fold0_seed0,video_roc_auc_mean,0.0,29
exprt_anomaly,binary_fold1_seed0,best_video_roc_auc_mean,0.0,0
exprt_anomaly,binary_fold1_seed0,clip_ap,0.8761279487227216,28
exprt_anomaly,binary_fold1_seed0,clip_ap,0.6953631708711577,1
exprt_anomaly,binary_fold1_seed0,clip_roc_auc,0.6722544012326304,28
exprt_anomaly,binary_fold1_seed0,clip_roc_auc,0.33114513224002273,1
exprt_anomaly,binary_fold1_seed0,train_loss,0.5687206870363665,28
exprt_anomaly,binary_fold1_seed0,train_loss,0.6405181786666314,1
exprt_anomaly,binary_fold1_seed0,val_loss,0.6308223930453616,28
exprt_anomaly,binary_fold1_seed0,val_loss,0.7189760958267883,1
exprt_anomaly,binary_fold1_seed0,video_ap_mean,0.9583333333333334,28
exprt_anomaly,binary_fold1_seed0,video_ap_mean,0.6791666666666667,1
exprt_anomaly,binary_fold1_seed0,video_roc_auc_max,0.5833333333333333,28
exprt_anomaly,binary_fold1_seed0,video_roc_auc_max,0.0,1
exprt_anomaly,binary_fold1_seed0,video_roc_auc_mean,0.8333333333333334,28
exprt_anomaly,binary_fold1_seed0,video_roc_auc_mean,0.0,1
exprt_anomaly,binary_pooled_oof,clip_ap_mean,0.9009225861697377,0
exprt_anomaly,binary_pooled_oof,clip_ap_std,0.0068132022604075705,0
exprt_anomaly,binary_pooled_oof,clip_roc_auc_mean,0.5055121762289791,0
exprt_anomaly,binary_pooled_oof,clip_roc_auc_std,0.019898424904926548,0
exprt_anomaly,binary_pooled_oof,video_ap_mean_mean,0.9066741799126159,0
exprt_anomaly,binary_pooled_oof,video_ap_mean_std,0.006837887949919146,0
exprt_anomaly,binary_pooled_oof,video_roc_auc_max_mean,0.45714285714285713,0
exprt_anomaly,binary_pooled_oof,video_roc_auc_max_std,0.0919272116671552,0
exprt_anomaly,binary_pooled_oof,video_roc_auc_mean_mean,0.4662857142857143,0
exprt_anomaly,binary_pooled_oof,video_roc_auc_mean_std,0.03696219800867708,0
exprt_anomaly,binary_seed0_fold0,train_loss,0.2726438343524933,199
exprt_anomaly,binary_seed0_fold0,val_loss,0.6938778093221613,199
exprt_anomaly,binary_seed0_fold1,train_loss,0.20790618658065796,199
exprt_anomaly,binary_seed0_fold1,val_loss,0.7684126753929823,199
exprt_anomaly,binary_seed0_fold2,train_loss,0.26187074184417725,199
exprt_anomaly,binary_seed0_fold2,val_loss,0.5081155743915,199
exprt_anomaly,binary_seed0_fold3,train_loss,0.3177500367164612,199
exprt_anomaly,binary_seed0_fold3,val_loss,0.47881214415058315,199
exprt_anomaly,binary_seed0_fold4,train_loss,0.2246175855398178,199
exprt_anomaly,binary_seed0_fold4,val_loss,0.6788426644840139,199
exprt_anomaly,binary_seed1_fold0,train_loss,0.22813695669174194,199
exprt_anomaly,binary_seed1_fold0,val_loss,0.8202984392867645,199
exprt_anomaly,binary_seed1_fold1,train_loss,0.2807273268699646,199
exprt_anomaly,binary_seed1_fold1,val_loss,0.5559250166519498,199
exprt_anomaly,binary_seed1_fold2,train_loss,0.3098011612892151,199
exprt_anomaly,binary_seed1_fold2,val_loss,0.4498606093678304,199
exprt_anomaly,binary_seed1_fold3,train_loss,0.28586918115615845,199
exprt_anomaly,binary_seed1_fold3,val_loss,0.6336179619626818,199
exprt_anomaly,binary_seed1_fold4,train_loss,0.201604962348938,199
exprt_anomaly,binary_seed1_fold4,val_loss,0.8801855687979742,199
exprt_anomaly,binary_seed2_fold0,train_loss,0.2977139353752136,199
exprt_anomaly,binary_seed2_fold0,val_loss,0.7614521569421376,199
exprt_anomaly,binary_seed2_fold1,train_loss,0.2955661714076996,199
exprt_anomaly,binary_seed2_fold1,val_loss,0.5827266393447328,199
exprt_anomaly,binary_seed2_fold2,train_loss,0.21008078753948212,199
exprt_anomaly,binary_seed2_fold2,val_loss,0.9889360060320965,199
exprt_anomaly,binary_seed2_fold3,train_loss,0.22553400695323944,199
exprt_anomaly,binary_seed2_fold3,val_loss,0.8863844003727782,199
exprt_anomaly,binary_seed2_fold4,train_loss,0.2636881470680237,199
exprt_anomaly,binary_seed2_fold4,val_loss,0.427542202610481,199
exprt_anomaly,binary_seed3_fold0,train_loss,0.22351598739624023,199
exprt_anomaly,binary_seed3_fold0,val_loss,0.8577384042107882,199
exprt_anomaly,binary_seed3_fold1,train_loss,0.3328991234302521,199
exprt_anomaly,binary_seed3_fold1,val_loss,0.32090246041994663,199
exprt_anomaly,binary_seed3_fold2,train_loss,0.247952401638031,199
exprt_anomaly,binary_seed3_fold2,val_loss,0.7868734290995016,199
exprt_anomaly,binary_seed3_fold3,train_loss,0.2818961441516876,199
exprt_anomaly,binary_seed3_fold3,val_loss,0.657873243081575,199
exprt_anomaly,binary_seed3_fold4,train_loss,0.2685663104057312,199
exprt_anomaly,binary_seed3_fold4,val_loss,0.727409967559623,199
exprt_anomaly,binary_seed4_fold0,train_loss,0.2667824625968933,199
exprt_anomaly,binary_seed4_fold0,val_loss,0.726012639714697,199
exprt_anomaly,binary_seed4_fold1,train_loss,0.2452254295349121,199
exprt_anomaly,binary_seed4_fold1,val_loss,0.6431714869656426,199
exprt_anomaly,binary_seed4_fold2,train_loss,0.3220207691192627,199
exprt_anomaly,binary_seed4_fold2,val_loss,0.6574125123059803,199
exprt_anomaly,binary_seed4_fold3,train_loss,0.27532652020454407,199
exprt_anomaly,binary_seed4_fold3,val_loss,0.5360023162263072,199
exprt_anomaly,binary_seed4_fold4,train_loss,0.20870529115200043,199
exprt_anomaly,binary_seed4_fold4,val_loss,0.8500172215881887,199
exprt_anomaly,binary_summary_seed0,cv_video_roc_auc_mean_mean,0.0,0
exprt_anomaly,binary_summary_seed0,cv_video_roc_auc_mean_std,0.0,0
exprt_anomaly,clip_binary_pooled,ap,0.9009127021700077,0
exprt_anomaly,clip_binary_pooled,ap,0.9033487783136411,0
exprt_anomaly,clip_binary_pooled,ap_std,0.007052800153090802,0
exprt_anomaly,clip_binary_pooled,ap_std,0.0077829261947918085,0
exprt_anomaly,clip_binary_pooled,roc_auc,0.5058851374936046,0
exprt_anomaly,clip_binary_pooled,roc_auc,0.5104652293313314,0
exprt_anomaly,clip_binary_pooled,roc_auc_std,0.020762847804616603,0
exprt_anomaly,clip_binary_pooled,roc_auc_std,0.0233817632462647,0
exprt_anomaly,clip_binary_pooled_mean,ap,0.9107895369508654,0
exprt_anomaly,clip_binary_pooled_mean,ap_std,0.005731591123843857,0
exprt_anomaly,clip_binary_pooled_mean,roc_auc,0.5254970027621446,0
exprt_anomaly,clip_binary_pooled_mean,roc_auc_std,0.024442425159106856,0
exprt_anomaly,clip_binary_pooled_rand,ap,0.9125935101367638,0
exprt_anomaly,clip_binary_pooled_rand,ap_std,0.004364883196416927,0
exprt_anomaly,clip_binary_pooled_rand,roc_auc,0.52947541563664,0
exprt_anomaly,clip_binary_pooled_rand,roc_auc_std,0.021609680510748252,0
exprt_anomaly,clip_multiclass_pooled,acc,0.1792,0
exprt_anomaly,clip_multiclass_pooled,acc,0.17384,0
exprt_anomaly,clip_multiclass_pooled,acc_std,0.010881176406988356,0
exprt_anomaly,clip_multiclass_pooled,acc_std,0.009535114052805027,0
exprt_anomaly,clip_multiclass_pooled,macro_f1,0.1774606819570491,0
exprt_anomaly,clip_multiclass_pooled,macro_f1,0.17169076188843152,0
exprt_anomaly,clip_multiclass_pooled,macro_f1_std,0.010220230664190392,0
exprt_anomaly,clip_multiclass_pooled,macro_f1_std,0.009235308014525337,0
exprt_anomaly,clip_multiclass_pooled_mean,acc,0.17024,0
exprt_anomaly,clip_multiclass_pooled_mean,acc_std,0.008388945106507735,0
exprt_anomaly,clip_multiclass_pooled_mean,macro_f1,0.16963379112873925,0
exprt_anomaly,clip_multiclass_pooled_mean,macro_f1_std,0.00956629441271602,0
exprt_anomaly,clip_multiclass_pooled_rand,acc,0.16424,0
exprt_anomaly,clip_multiclass_pooled_rand,acc_std,0.00681457262049499,0
exprt_anomaly,clip_multiclass_pooled_rand,macro_f1,0.1629845138119003,0
exprt_anomaly,clip_multiclass_pooled_rand,macro_f1_std,0.007861551199451816,0
exprt_anomaly,multiclass_pooled_oof,clip_acc_mean,0.16664,0
exprt_anomaly,multiclass_pooled_oof,clip_acc_std,0.009551879396223548,0
exprt_anomaly,multiclass_pooled_oof,clip_macro_f1_mean,0.1650735795640489,0
exprt_anomaly,multiclass_pooled_oof,clip_macro_f1_std,0.009650794989640745,0
exprt_anomaly,multiclass_pooled_oof,video_acc_mean,0.17500000000000002,0
exprt_anomaly,multiclass_pooled_oof,video_acc_std,0.05,0
exprt_anomaly,multiclass_pooled_oof,video_macro_f1_mean,0.1694244644244644,0
exprt_anomaly,multiclass_pooled_oof,video_macro_f1_std,0.04403811973452623,0
exprt_anomaly,multiclass_seed0_fold0,train_loss,0.4297364354133606,299
exprt_anomaly,multiclass_seed0_fold0,val_loss,4.394820898540676,299
exprt_anomaly,multiclass_seed0_fold1,train_loss,0.43578654527664185,299
exprt_anomaly,multiclass_seed0_fold1,val_loss,3.057224409196061,299
exprt_anomaly,multiclass_seed0_fold2,train_loss,0.4490492641925812,299
exprt_anomaly,multiclass_seed0_fold2,val_loss,3.6691455871678746,299
exprt_anomaly,multiclass_seed0_fold3,train_loss,0.423813134431839,299
exprt_anomaly,multiclass_seed0_fold3,val_loss,3.758783248674047,299
exprt_anomaly,multiclass_seed0_fold4,train_loss,0.4704649746417999,299
exprt_anomaly,multiclass_seed0_fold4,val_loss,2.6700037602355584,299
exprt_anomaly,multiclass_seed1_fold0,train_loss,0.401626855134964,299
exprt_anomaly,multiclass_seed1_fold0,val_loss,4.915014066783621,299
exprt_anomaly,multiclass_seed1_fold1,train_loss,0.414050430059433,299
exprt_anomaly,multiclass_seed1_fold1,val_loss,3.9085269302003947,299
exprt_anomaly,multiclass_seed1_fold2,train_loss,0.4096333384513855,299
exprt_anomaly,multiclass_seed1_fold2,val_loss,3.8102879590801777,299
exprt_anomaly,multiclass_seed1_fold3,train_loss,0.4531484544277191,299
exprt_anomaly,multiclass_seed1_fold3,val_loss,3.6306983429267703,299
exprt_anomaly,multiclass_seed1_fold4,train_loss,0.4368324279785156,299
exprt_anomaly,multiclass_seed1_fold4,val_loss,3.5283570827339803,299
exprt_anomaly,multiclass_seed2_fold0,train_loss,0.41473323106765747,299
exprt_anomaly,multiclass_seed2_fold0,val_loss,4.025665476119215,299
exprt_anomaly,multiclass_seed2_fold1,train_loss,0.42359721660614014,299
exprt_anomaly,multiclass_seed2_fold1,val_loss,4.724717764183175,299
exprt_anomaly,multiclass_seed2_fold2,train_loss,0.41052162647247314,299
exprt_anomaly,multiclass_seed2_fold2,val_loss,3.250969521642762,299
exprt_anomaly,multiclass_seed2_fold3,train_loss,0.38989731669425964,299
exprt_anomaly,multiclass_seed2_fold3,val_loss,3.831695088778165,299
exprt_anomaly,multiclass_seed2_fold4,train_loss,0.49350008368492126,299
exprt_anomaly,multiclass_seed2_fold4,val_loss,2.894477851683789,299
exprt_anomaly,multiclass_seed3_fold0,train_loss,0.4183671772480011,299
exprt_anomaly,multiclass_seed3_fold0,val_loss,3.302206380177971,299
exprt_anomaly,multiclass_seed3_fold1,train_loss,0.41006627678871155,299
exprt_anomaly,multiclass_seed3_fold1,val_loss,4.5735156771705725,299
exprt_anomaly,multiclass_seed3_fold2,train_loss,0.46358516812324524,299
exprt_anomaly,multiclass_seed3_fold2,val_loss,3.539446036908695,299
exprt_anomaly,multiclass_seed3_fold3,train_loss,0.43624183535575867,299
exprt_anomaly,multiclass_seed3_fold3,val_loss,3.8437881551786384,299
exprt_anomaly,multiclass_seed3_fold4,train_loss,0.43848350644111633,299
exprt_anomaly,multiclass_seed3_fold4,val_loss,3.143973335240892,299
exprt_anomaly,multiclass_seed4_fold0,train_loss,0.45494019985198975,299
exprt_anomaly,multiclass_seed4_fold0,val_loss,2.9774580689244114,299
exprt_anomaly,multiclass_seed4_fold1,train_loss,0.43283987045288086,299
exprt_anomaly,multiclass_seed4_fold1,val_loss,4.103492357874898,299
exprt_anomaly,multiclass_seed4_fold2,train_loss,0.3778204619884491,299
exprt_anomaly,multiclass_seed4_fold2,val_loss,5.249718525737002,299
exprt_anomaly,multiclass_seed4_fold3,train_loss,0.43154066801071167,299
exprt_anomaly,multiclass_seed4_fold3,val_loss,3.5771381585861093,299
exprt_anomaly,multiclass_seed4_fold4,train_loss,0.3810694217681885,299
exprt_anomaly,multiclass_seed4_fold4,val_loss,4.054156213628348,299
exprt_anomaly,video_binary_pooled,ap,0.8596848551074346,0
exprt_anomaly,video_binary_pooled,ap,0.8685910491640046,0
exprt_anomaly,video_binary_pooled,roc_auc,0.32571428571428573,0
exprt_anomaly,video_binary_pooled,roc_auc,0.34285714285714286,0
exprt_anomaly,video_binary_pooled,train_loss,0.008852600783575327,199
exprt_anomaly,video_binary_pooled,train_loss,0.028260220726951956,149
exprt_anomaly,video_binary_pooled_mean,ap,0.9235214272216511,0
exprt_anomaly,video_binary_pooled_mean,ap,0.9259617672020368,0
exprt_anomaly,video_binary_pooled_mean,ap,0.9269312696275129,0
exprt_anomaly,video_binary_pooled_mean,ap,0.929065845196871,0
exprt_anomaly,video_binary_pooled_mean,roc_auc,0.6000000000000001,0
exprt_anomaly,video_binary_pooled_mean,roc_auc,0.6114285714285714,0
exprt_anomaly,video_binary_pooled_mean,roc_auc,0.6171428571428571,0
exprt_anomaly,video_binary_pooled_mean,roc_auc,0.6285714285714286,0
exprt_anomaly,video_binary_pooled_mean,train_loss,0.021298492280766367,149
exprt_anomaly,video_binary_pooled_mean,train_loss,0.006823594123125077,199
exprt_anomaly,video_binary_pooled_mean,train_loss,0.03666301500052214,99
exprt_anomaly,video_binary_pooled_mean,train_loss,0.037990672746673226,99
exprt_anomaly,video_binary_pooled_rand,ap,0.9068743955152718,0
exprt_anomaly,video_binary_pooled_rand,ap,0.9068895682510328,0
exprt_anomaly,video_binary_pooled_rand,roc_auc,0.52,0
exprt_anomaly,video_binary_pooled_rand,roc_auc,0.5314285714285715,0
exprt_anomaly,video_binary_pooled_rand,train_loss,0.025241953460499643,149
exprt_anomaly,video_binary_pooled_rand,train_loss,0.008312229660805314,199
exprt_anomaly,video_multiclass_pooled,acc,0.485,0
exprt_anomaly,video_multiclass_pooled,acc,0.49499999999999994,0
exprt_anomaly,video_multiclass_pooled,acc,0.505,0
exprt_anomaly,video_multiclass_pooled,acc_std,0.07348469228349534,0
exprt_anomaly,video_multiclass_pooled,acc_std,0.024494897427831803,0
exprt_anomaly,video_multiclass_pooled,acc_std,0.03316624790355401,0
exprt_anomaly,video_multiclass_pooled,macro_f1,0.4411516261516262,0
exprt_anomaly,video_multiclass_pooled,macro_f1,0.45579254079254083,0
exprt_anomaly,video_multiclass_pooled,macro_f1,0.45149461649461653,0
exprt_anomaly,video_multiclass_pooled,macro_f1_std,0.05948316147094801,0
exprt_anomaly,video_multiclass_pooled,macro_f1_std,0.02787490852643234,0
exprt_anomaly,video_multiclass_pooled,macro_f1_std,0.025589921155456857,0
exprt_anomaly,video_multiclass_pooled_mean,acc,0.365,0
exprt_anomaly,video_multiclass_pooled_mean,acc,0.39,0
exprt_anomaly,video_multiclass_pooled_mean,acc_std,0.03741657386773943,0
exprt_anomaly,video_multiclass_pooled_mean,acc_std,0.03391164991562635,0
exprt_anomaly,video_multiclass_pooled_mean,macro_f1,0.34375582750582756,0
exprt_anomaly,video_multiclass_pooled_mean,macro_f1,0.35741244866244865,0
exprt_anomaly,video_multiclass_pooled_mean,macro_f1_std,0.038760185573975564,0
exprt_anomaly,video_multiclass_pooled_mean,macro_f1_std,0.04239953876348482,0
exprt_anomaly,video_multiclass_pooled_rand,acc,0.37,0
exprt_anomaly,video_multiclass_pooled_rand,acc,0.425,0
exprt_anomaly,video_multiclass_pooled_rand,acc_std,0.010000000000000009,0
exprt_anomaly,video_multiclass_pooled_rand,acc_std,0.04183300132670378,0
exprt_anomaly,video_multiclass_pooled_rand,macro_f1,0.3429218004218004,0
exprt_anomaly,video_multiclass_pooled_rand,macro_f1,0.3968335830835831,0
exprt_anomaly,video_multiclass_pooled_rand,macro_f1_std,0.022653910697857552,0
exprt_anomaly,video_multiclass_pooled_rand,macro_f1_std,0.04467013883180862,0
pour_probe,flow_pooled,baseline_mae_norm,0.9075060658139198,0
pour_probe,flow_pooled,baseline_mae_px,4122.30908203125,0
pour_probe,flow_pooled,mae_norm,0.36167353688440534,0
pour_probe,flow_pooled,mae_px,1642.88720703125,0
pour_probe,flow_pooled,mae_px_fill_30,1655.8035888671875,0
pour_probe,flow_pooled,mae_px_fill_60,1582.1087646484375,0
pour_probe,flow_pooled,mae_px_fill_90,1605.9766845703125,0
pour_probe,flow_pooled,mae_px_fill_empty,1729.527587890625,0
pour_probe,flow_pooled,mae_vs_baseline,0.39853566880572777,0
pour_probe,flow_pooled,r2,0.7753369808197021,0
pour_probe,flow_pooled,target_std_px,4542.458984375,0
pour_probe,flow_pooled,train_loss,0.060115946829319,299
pour_probe,flow_pooled_mean,baseline_mae_norm,0.9075060658139198,0
pour_probe,flow_pooled_mean,baseline_mae_px,4122.30908203125,0
pour_probe,flow_pooled_mean,mae_norm,0.3378545217240628,0
pour_probe,flow_pooled_mean,mae_px,1534.6903076171875,0
pour_probe,flow_pooled_mean,mae_px_fill_30,1593.945068359375,0
pour_probe,flow_pooled_mean,mae_px_fill_60,1407.342529296875,0
pour_probe,flow_pooled_mean,mae_px_fill_90,1414.2528076171875,0
pour_probe,flow_pooled_mean,mae_px_fill_empty,1727.418212890625,0
pour_probe,flow_pooled_mean,mae_vs_baseline,0.3722889955793842,0
pour_probe,flow_pooled_mean,r2,0.8017363548278809,0
pour_probe,flow_pooled_mean,target_std_px,4542.458984375,0
pour_probe,flow_pooled_mean,train_loss,0.03991303294897079,299
pour_probe,volume_pooled,baseline_mae_norm,0.9126000006641805,0
pour_probe,volume_pooled,baseline_mae_px,5367.2822265625,0
pour_probe,volume_pooled,mae_norm,0.3769586265413137,0
pour_probe,volume_pooled,mae_px,2217.010009765625,0
pour_probe,volume_pooled,mae_px_fill_30,2242.93017578125,0
pour_probe,volume_pooled,mae_px_fill_60,2111.260498046875,0
pour_probe,volume_pooled,mae_px_fill_90,2173.239013671875,0
pour_probe,volume_pooled,mae_px_fill_empty,2343.513916015625,0
pour_probe,volume_pooled,mae_vs_baseline,0.4130600769964577,0
pour_probe,volume_pooled,r2,0.753510594367981,0
pour_probe,volume_pooled,target_std_px,5881.30859375,0
pour_probe,volume_pooled,train_loss,0.06422056406736373,299
pour_probe,volume_pooled_mean,baseline_mae_norm,0.9126000006641805,0
pour_probe,volume_pooled_mean,baseline_mae_px,5367.2822265625,0
pour_probe,volume_pooled_mean,mae_norm,0.36611123195504824,0
pour_probe,volume_pooled_mean,mae_px,2153.213134765625,0
pour_probe,volume_pooled_mean,mae_px_fill_30,2155.377685546875,0
pour_probe,volume_pooled_mean,mae_px_fill_60,1948.7310791015625,0
pour_probe,volume_pooled_mean,mae_px_fill_90,2028.187744140625,0
pour_probe,volume_pooled_mean,mae_px_fill_empty,2487.31591796875,0
pour_probe,volume_pooled_mean,mae_vs_baseline,0.4011738238972129,0
pour_probe,volume_pooled_mean,r2,0.7726480960845947,0
pour_probe,volume_pooled_mean,target_std_px,5881.30859375,0
pour_probe,volume_pooled_mean,train_loss,0.040805892646312715,299
pour_probe_baselines,r2plus1d_18_112_flow,r2_fold_A,0.5889160633087158,0
pour_probe_baselines,r2plus1d_18_112_flow,r2_fold_B,0.5233602523803711,0
pour_probe_baselines,r2plus1d_18_112_flow,r2_fold_C,0.49292922019958496,0
pour_probe_baselines,r2plus1d_18_112_flow,r2_fold_D,0.4937726855278015,0
pour_probe_baselines,r2plus1d_18_112_flow,r2_mean,0.5247445553541183,0
pour_probe_baselines,r2plus1d_18_112_flow,r2_std,0.03902361784683634,0
pour_probe_baselines,r2plus1d_18_112_volume,r2_fold_A,0.3330811858177185,0
pour_probe_baselines,r2plus1d_18_112_volume,r2_fold_B,0.315321147441864,0
pour_probe_baselines,r2plus1d_18_112_volume,r2_fold_C,0.0806998610496521,0
pour_probe_baselines,r2plus1d_18_112_volume,r2_fold_D,0.2160702347755432,0
pour_probe_baselines,r2plus1d_18_112_volume,r2_mean,0.23629310727119446,0
pour_probe_baselines,r2plus1d_18_112_volume,r2_std,0.10028906486212485,0
pour_probe_baselines,r2plus1d_18_128_flow,r2_fold_A,0.565285861492157,0
pour_probe_baselines,r2plus1d_18_128_flow,r2_fold_B,0.5519503355026245,0
pour_probe_baselines,r2plus1d_18_128_flow,r2_fold_C,0.4825146198272705,0
pour_probe_baselines,r2plus1d_18_128_flow,r2_fold_D,0.5208123922348022,0
pour_probe_baselines,r2plus1d_18_128_flow,r2_mean,0.5301408022642136,0
pour_probe_baselines,r2plus1d_18_128_flow,r2_std,0.0318830025852601,0
pour_probe_baselines,r2plus1d_18_128_volume,r2_fold_A,0.3049201965332031,0
pour_probe_baselines,r2plus1d_18_128_volume,r2_fold_B,0.3225080966949463,0
pour_probe_baselines,r2plus1d_18_128_volume,r2_fold_C,0.1276700496673584,0
pour_probe_baselines,r2plus1d_18_128_volume,r2_fold_D,0.21431541442871094,0
pour_probe_baselines,r2plus1d_18_128_volume,r2_mean,0.2423534393310547,0
pour_probe_baselines,r2plus1d_18_128_volume,r2_std,0.07790664109864945,0
pour_probe_baselines,resnet50_mean_flow,r2_fold_A,0.010182082653045654,0
pour_probe_baselines,resnet50_mean_flow,r2_fold_B,-0.015627145767211914,0
pour_probe_baselines,resnet50_mean_flow,r2_fold_C,-0.02167665958404541,0
pour_probe_baselines,resnet50_mean_flow,r2_fold_D,0.006388485431671143,0
pour_probe_baselines,resnet50_mean_flow,r2_mean,-0.005183309316635132,0
pour_probe_baselines,resnet50_mean_flow,r2_std,0.013703156816302752,0
pour_probe_baselines,resnet50_mean_volume,r2_fold_A,0.01824408769607544,0
pour_probe_baselines,resnet50_mean_volume,r2_fold_B,-0.445149302482605,0
pour_probe_baselines,resnet50_mean_volume,r2_fold_C,-0.0020177364349365234,0
pour_probe_baselines,resnet50_mean_volume,r2_fold_D,0.01357734203338623,0
pour_probe_baselines,resnet50_mean_volume,r2_mean,-0.10383640229701996,0
pour_probe_baselines,resnet50_mean_volume,r2_std,0.19719987952941934,0
pour_probe_baselines,resnet50_meanstd_flow,r2_fold_A,0.020257115364074707,0
pour_probe_baselines,resnet50_meanstd_flow,r2_fold_B,-0.013086795806884766,0
pour_probe_baselines,resnet50_meanstd_flow,r2_fold_C,0.008954346179962158,0
pour_probe_baselines,resnet50_meanstd_flow,r2_fold_D,0.01714324951171875,0
pour_probe_baselines,resnet50_meanstd_flow,r2_mean,0.008316978812217712,0
pour_probe_baselines,resnet50_meanstd_flow,r2_std,0.013028792350450817,0
pour_probe_baselines,resnet50_meanstd_volume,r2_fold_A,0.06623071432113647,0
pour_probe_baselines,resnet50_meanstd_volume,r2_fold_B,-0.24388349056243896,0
pour_probe_baselines,resnet50_meanstd_volume,r2_fold_C,0.058225154876708984,0
pour_probe_baselines,resnet50_meanstd_volume,r2_fold_D,0.06618177890777588,0
pour_probe_baselines,resnet50_meanstd_volume,r2_mean,-0.013311460614204407,0
pour_probe_baselines,resnet50_meanstd_volume,r2_std,0.13316069340601946,0
pour_probe_baselines,s3d_224_flow,r2_fold_A,0.6491942405700684,0
pour_probe_baselines,s3d_224_flow,r2_fold_B,0.5941139459609985,0
pour_probe_baselines,s3d_224_flow,r2_fold_C,0.41678154468536377,0
pour_probe_baselines,s3d_224_flow,r2_fold_D,0.49805009365081787,0
pour_probe_baselines,s3d_224_flow,r2_mean,0.5395349562168121,0
pour_probe_baselines,s3d_224_flow,r2_std,0.08915354540214997,0
pour_probe_baselines,s3d_224_volume,r2_fold_A,0.2997852563858032,0
pour_probe_baselines,s3d_224_volume,r2_fold_B,0.25327473878860474,0
pour_probe_baselines,s3d_224_volume,r2_fold_C,0.08845013380050659,0
pour_probe_baselines,s3d_224_volume,r2_fold_D,0.1826459765434265,0
pour_probe_baselines,s3d_224_volume,r2_mean,0.20603902637958527,0
pour_probe_baselines,s3d_224_volume,r2_std,0.07967739736866633,0
pour_probe_baselines,sow_CAM2_axial_mean_flow,r2_fold_A,0.36441754786058234,0
pour_probe_baselines,sow_CAM2_axial_mean_flow,r2_fold_B,0.3384849277362829,0
pour_probe_baselines,sow_CAM2_axial_mean_flow,r2_fold_C,0.2876260121338373,0
pour_probe_baselines,sow_CAM2_axial_mean_flow,r2_fold_D,0.34577083647668017,0
pour_probe_baselines,sow_CAM2_axial_mean_flow,r2_mean,0.33407483105184566,0
pour_probe_baselines,sow_CAM2_axial_mean_flow,r2_std,0.028435975180556773,0
pour_probe_baselines,sow_CAM2_axial_mean_volume,r2_fold_A,0.48770344466380344,0
pour_probe_baselines,sow_CAM2_axial_mean_volume,r2_fold_B,0.4469184075887783,0
pour_probe_baselines,sow_CAM2_axial_mean_volume,r2_fold_C,0.3759813842934817,0
pour_probe_baselines,sow_CAM2_axial_mean_volume,r2_fold_D,-0.038690271645695606,0
pour_probe_baselines,sow_CAM2_axial_mean_volume,r2_mean,0.317978241225092,0
pour_probe_baselines,sow_CAM2_axial_mean_volume,r2_std,0.209767135094775,0
pour_probe_baselines,sow_CAM2_axial_meanstd_flow,r2_fold_A,0.3955084084722086,0
pour_probe_baselines,sow_CAM2_axial_meanstd_flow,r2_fold_B,0.3792422728126117,0
pour_probe_baselines,sow_CAM2_axial_meanstd_flow,r2_fold_C,0.31408564733052735,0
pour_probe_baselines,sow_CAM2_axial_meanstd_flow,r2_fold_D,0.34630570445716247,0
pour_probe_baselines,sow_CAM2_axial_meanstd_flow,r2_mean,0.3587855082681275,0
pour_probe_baselines,sow_CAM2_axial_meanstd_flow,r2_std,0.03130844010018837,0
pour_probe_baselines,sow_CAM2_axial_meanstd_volume,r2_fold_A,0.5638278557824035,0
pour_probe_baselines,sow_CAM2_axial_meanstd_volume,r2_fold_B,0.5095212631268484,0
pour_probe_baselines,sow_CAM2_axial_meanstd_volume,r2_fold_C,0.48481972006713936,0
pour_probe_baselines,sow_CAM2_axial_meanstd_volume,r2_fold_D,0.01376064915447972,0
pour_probe_baselines,sow_CAM2_axial_meanstd_volume,r2_mean,0.39298237203271774,0
pour_probe_baselines,sow_CAM2_axial_meanstd_volume,r2_std,0.22080121492637242,0
pour_probe_baselines,sow_CAM2_lambda_raw_flow,r2_fold_A,0.30931211355457044,0
pour_probe_baselines,sow_CAM2_lambda_raw_flow,r2_fold_B,0.2747792279873037,0
pour_probe_baselines,sow_CAM2_lambda_raw_flow,r2_fold_C,0.2700426022990494,0
pour_probe_baselines,sow_CAM2_lambda_raw_flow,r2_fold_D,0.2318408851925826,0
pour_probe_baselines,sow_CAM2_lambda_raw_flow,r2_mean,0.2714937072583765,0
pour_probe_baselines,sow_CAM2_lambda_raw_flow,r2_std,0.02745668636520395,0
pour_probe_baselines,sow_CAM2_lambda_raw_volume,r2_fold_A,0.4231178167239813,0
pour_probe_baselines,sow_CAM2_lambda_raw_volume,r2_fold_B,0.45093890966299444,0
pour_probe_baselines,sow_CAM2_lambda_raw_volume,r2_fold_C,0.23095806325882662,0
pour_probe_baselines,sow_CAM2_lambda_raw_volume,r2_fold_D,0.29014055855561427,0
pour_probe_baselines,sow_CAM2_lambda_raw_volume,r2_mean,0.34878883705035413,0
pour_probe_baselines,sow_CAM2_lambda_raw_volume,r2_std,0.09121834571071334,0
pour_probe_baselines,sow_CAM2_wav2vec_mean_flow,r2_fold_A,0.6830449683925117,0
pour_probe_baselines,sow_CAM2_wav2vec_mean_flow,r2_fold_B,0.6396317598737529,0
pour_probe_baselines,sow_CAM2_wav2vec_mean_flow,r2_fold_C,0.49629577242504674,0
pour_probe_baselines,sow_CAM2_wav2vec_mean_flow,r2_fold_D,0.5909023488762264,0
pour_probe_baselines,sow_CAM2_wav2vec_mean_flow,r2_mean,0.6024687123918844,0
pour_probe_baselines,sow_CAM2_wav2vec_mean_flow,r2_std,0.06942639821313702,0
pour_probe_baselines,sow_CAM2_wav2vec_mean_volume,r2_fold_A,0.8612049069469153,0
pour_probe_baselines,sow_CAM2_wav2vec_mean_volume,r2_fold_B,0.8318417330921053,0
pour_probe_baselines,sow_CAM2_wav2vec_mean_volume,r2_fold_C,0.7095600641029425,0
pour_probe_baselines,sow_CAM2_wav2vec_mean_volume,r2_fold_D,0.6655512195793278,0
pour_probe_baselines,sow_CAM2_wav2vec_mean_volume,r2_mean,0.7670394809303227,0
pour_probe_baselines,sow_CAM2_wav2vec_mean_volume,r2_std,0.08165508234793041,0
pour_probe_baselines,sow_CAM2_wav2vec_meanstd_flow,r2_fold_A,0.6332888648346078,0
pour_probe_baselines,sow_CAM2_wav2vec_meanstd_flow,r2_fold_B,0.6373993121652468,0
pour_probe_baselines,sow_CAM2_wav2vec_meanstd_flow,r2_fold_C,0.5141707692259662,0
pour_probe_baselines,sow_CAM2_wav2vec_meanstd_flow,r2_fold_D,0.5564081689538494,0
pour_probe_baselines,sow_CAM2_wav2vec_meanstd_flow,r2_mean,0.5853167787949175,0
pour_probe_baselines,sow_CAM2_wav2vec_meanstd_flow,r2_std,0.052228760567811984,0
pour_probe_baselines,sow_CAM2_wav2vec_meanstd_volume,r2_fold_A,0.832111074479302,0
pour_probe_baselines,sow_CAM2_wav2vec_meanstd_volume,r2_fold_B,0.8095708351670268,0
pour_probe_baselines,sow_CAM2_wav2vec_meanstd_volume,r2_fold_C,0.688241827734845,0
pour_probe_baselines,sow_CAM2_wav2vec_meanstd_volume,r2_fold_D,0.6554784263122704,0
pour_probe_baselines,sow_CAM2_wav2vec_meanstd_volume,r2_mean,0.7463505409233611,0
pour_probe_baselines,sow_CAM2_wav2vec_meanstd_volume,r2_std,0.0758057360665599,0
pour_probe_baselines,sow_CAM3_axial_mean_flow,r2_fold_A,0.3617231067300042,0
pour_probe_baselines,sow_CAM3_axial_mean_flow,r2_fold_B,0.3292603838728769,0
pour_probe_baselines,sow_CAM3_axial_mean_flow,r2_fold_C,0.24787775257734812,0
pour_probe_baselines,sow_CAM3_axial_mean_flow,r2_fold_D,0.28322954647292575,0
pour_probe_baselines,sow_CAM3_axial_mean_flow,r2_mean,0.30552269741328875,0
pour_probe_baselines,sow_CAM3_axial_mean_flow,r2_std,0.04342202209077934,0
pour_probe_baselines,sow_CAM3_axial_mean_volume,r2_fold_A,0.46884277371038374,0
pour_probe_baselines,sow_CAM3_axial_mean_volume,r2_fold_B,0.4481282984787337,0
pour_probe_baselines,sow_CAM3_axial_mean_volume,r2_fold_C,0.3760718167376417,0
pour_probe_baselines,sow_CAM3_axial_mean_volume,r2_fold_D,0.3513170435595592,0
pour_probe_baselines,sow_CAM3_axial_mean_volume,r2_mean,0.41108998312157957,0
pour_probe_baselines,sow_CAM3_axial_mean_volume,r2_std,0.04875012283591798,0
pour_probe_baselines,sow_CAM3_axial_meanstd_flow,r2_fold_A,0.39119142796764395,0
pour_probe_baselines,sow_CAM3_axial_meanstd_flow,r2_fold_B,0.37058672039767515,0
pour_probe_baselines,sow_CAM3_axial_meanstd_flow,r2_fold_C,0.25804011820053663,0
pour_probe_baselines,sow_CAM3_axial_meanstd_flow,r2_fold_D,0.31367571496915914,0
pour_probe_baselines,sow_CAM3_axial_meanstd_flow,r2_mean,0.3333734953837537,0
pour_probe_baselines,sow_CAM3_axial_meanstd_flow,r2_std,0.05193952665192104,0
pour_probe_baselines,sow_CAM3_axial_meanstd_volume,r2_fold_A,0.5619447418974707,0
pour_probe_baselines,sow_CAM3_axial_meanstd_volume,r2_fold_B,0.563843594160363,0
pour_probe_baselines,sow_CAM3_axial_meanstd_volume,r2_fold_C,0.4635951616853885,0
pour_probe_baselines,sow_CAM3_axial_meanstd_volume,r2_fold_D,0.39760764953304595,0
pour_probe_baselines,sow_CAM3_axial_meanstd_volume,r2_mean,0.49674778681906695,0
pour_probe_baselines,sow_CAM3_axial_meanstd_volume,r2_std,0.07014334196597174,0
pour_probe_baselines,sow_CAM3_lambda_raw_flow,r2_fold_A,0.3292385238332095,0
pour_probe_baselines,sow_CAM3_lambda_raw_flow,r2_fold_B,0.2682732011910899,0
pour_probe_baselines,sow_CAM3_lambda_raw_flow,r2_fold_C,0.1557799205217978,0
pour_probe_baselines,sow_CAM3_lambda_raw_flow,r2_fold_D,0.29934788852734984,0
pour_probe_baselines,sow_CAM3_lambda_raw_flow,r2_mean,0.2631598835183617,0
pour_probe_baselines,sow_CAM3_lambda_raw_flow,r2_std,0.06563642449729275,0
pour_probe_baselines,sow_CAM3_lambda_raw_volume,r2_fold_A,0.42770001275603353,0
pour_probe_baselines,sow_CAM3_lambda_raw_volume,r2_fold_B,0.4668258154250957,0
pour_probe_baselines,sow_CAM3_lambda_raw_volume,r2_fold_C,0.2993986291246802,0
pour_probe_baselines,sow_CAM3_lambda_raw_volume,r2_fold_D,0.23510385123377875,0
pour_probe_baselines,sow_CAM3_lambda_raw_volume,r2_mean,0.35725707713489707,0
pour_probe_baselines,sow_CAM3_lambda_raw_volume,r2_std,0.09385697389329979,0
pour_probe_baselines,sow_CAM3_wav2vec_mean_flow,r2_fold_A,0.6710498835744377,0
pour_probe_baselines,sow_CAM3_wav2vec_mean_flow,r2_fold_B,0.6196948841791664,0
pour_probe_baselines,sow_CAM3_wav2vec_mean_flow,r2_fold_C,0.6422922730278383,0
pour_probe_baselines,sow_CAM3_wav2vec_mean_flow,r2_fold_D,0.5739691004357952,0
pour_probe_baselines,sow_CAM3_wav2vec_mean_flow,r2_mean,0.6267515353043094,0
pour_probe_baselines,sow_CAM3_wav2vec_mean_flow,r2_std,0.03549521074808552,0
pour_probe_baselines,sow_CAM3_wav2vec_mean_volume,r2_fold_A,0.8624457791478997,0
pour_probe_baselines,sow_CAM3_wav2vec_mean_volume,r2_fold_B,0.8472117816098117,0
pour_probe_baselines,sow_CAM3_wav2vec_mean_volume,r2_fold_C,0.8014846910319571,0
pour_probe_baselines,sow_CAM3_wav2vec_mean_volume,r2_fold_D,0.6934766861459709,0
pour_probe_baselines,sow_CAM3_wav2vec_mean_volume,r2_mean,0.8011547344839098,0
pour_probe_baselines,sow_CAM3_wav2vec_mean_volume,r2_std,0.06609182005201523,0
pour_probe_baselines,sow_CAM3_wav2vec_meanstd_flow,r2_fold_A,0.6091115493141595,0
pour_probe_baselines,sow_CAM3_wav2vec_meanstd_flow,r2_fold_B,0.6168549964898813,0
pour_probe_baselines,sow_CAM3_wav2vec_meanstd_flow,r2_fold_C,0.5803874420851227,0
pour_probe_baselines,sow_CAM3_wav2vec_meanstd_flow,r2_fold_D,0.5679865261634685,0
pour_probe_baselines,sow_CAM3_wav2vec_meanstd_flow,r2_mean,0.5935851285131579,0
pour_probe_baselines,sow_CAM3_wav2vec_meanstd_flow,r2_std,0.02007500851714751,0
pour_probe_baselines,sow_CAM3_wav2vec_meanstd_volume,r2_fold_A,0.8226506653082097,0
pour_probe_baselines,sow_CAM3_wav2vec_meanstd_volume,r2_fold_B,0.8023454764500342,0
pour_probe_baselines,sow_CAM3_wav2vec_meanstd_volume,r2_fold_C,0.7228940282517807,0
pour_probe_baselines,sow_CAM3_wav2vec_meanstd_volume,r2_fold_D,0.5981977420738624,0
pour_probe_baselines,sow_CAM3_wav2vec_meanstd_volume,r2_mean,0.7365219780209717,0
pour_probe_baselines,sow_CAM3_wav2vec_meanstd_volume,r2_std,0.08813370380354892,0
pour_probe_baselines,sow_both_axial_mean_flow,r2_fold_A,0.3713738092202553,0
pour_probe_baselines,sow_both_axial_mean_flow,r2_fold_B,0.34522429798239407,0
pour_probe_baselines,sow_both_axial_mean_flow,r2_fold_C,0.26017444311468185,0
pour_probe_baselines,sow_both_axial_mean_flow,r2_fold_D,0.3209843796171957,0
pour_probe_baselines,sow_both_axial_mean_flow,r2_mean,0.3244392324836317,0
pour_probe_baselines,sow_both_axial_mean_flow,r2_std,0.04116057762652895,0
pour_probe_baselines,sow_both_axial_mean_volume,r2_fold_A,0.4879518771398137,0
pour_probe_baselines,sow_both_axial_mean_volume,r2_fold_B,0.4597600040650863,0
pour_probe_baselines,sow_both_axial_mean_volume,r2_fold_C,0.3783172436813249,0
pour_probe_baselines,sow_both_axial_mean_volume,r2_fold_D,0.364486077015465,0
pour_probe_baselines,sow_both_axial_mean_volume,r2_mean,0.4226288004754225,0
pour_probe_baselines,sow_both_axial_mean_volume,r2_std,0.05241641198560004,0
pour_probe_baselines,sow_both_axial_meanstd_flow,r2_fold_A,0.4009060141315437,0
pour_probe_baselines,sow_both_axial_meanstd_flow,r2_fold_B,0.3863021885409075,0
pour_probe_baselines,sow_both_axial_meanstd_flow,r2_fold_C,0.29439692469448875,0
pour_probe_baselines,sow_both_axial_meanstd_flow,r2_fold_D,0.3475658706700382,0
pour_probe_baselines,sow_both_axial_meanstd_flow,r2_mean,0.3572927495092445,0
pour_probe_baselines,sow_both_axial_meanstd_flow,r2_std,0.04121335146232199,0
pour_probe_baselines,sow_both_axial_meanstd_volume,r2_fold_A,0.5920060584395045,0
pour_probe_baselines,sow_both_axial_meanstd_volume,r2_fold_B,0.5705335542561996,0
pour_probe_baselines,sow_both_axial_meanstd_volume,r2_fold_C,0.5243075028368116,0
pour_probe_baselines,sow_both_axial_meanstd_volume,r2_fold_D,0.37430549143293956,0
pour_probe_baselines,sow_both_axial_meanstd_volume,r2_mean,0.5152881517413639,0
pour_probe_baselines,sow_both_axial_meanstd_volume,r2_std,0.08499286868466427,0
pour_probe_baselines,sow_both_lambda_raw_flow,r2_fold_A,0.3234829298225055,0
pour_probe_baselines,sow_both_lambda_raw_flow,r2_fold_B,0.2753083025158375,0
pour_probe_baselines,sow_both_lambda_raw_flow,r2_fold_C,0.21268459464579148,0
pour_probe_baselines,sow_both_lambda_raw_flow,r2_fold_D,0.2760485189109596,0
pour_probe_baselines,sow_both_lambda_raw_flow,r2_mean,0.2718810864737735,0
pour_probe_baselines,sow_both_lambda_raw_flow,r2_std,0.03935761738420185,0
pour_probe_baselines,sow_both_lambda_raw_volume,r2_fold_A,0.43155836925971314,0
pour_probe_baselines,sow_both_lambda_raw_volume,r2_fold_B,0.4677571931975557,0
pour_probe_baselines,sow_both_lambda_raw_volume,r2_fold_C,0.2574835303474432,0
pour_probe_baselines,sow_both_lambda_raw_volume,r2_fold_D,0.25665923657025824,0
pour_probe_baselines,sow_both_lambda_raw_volume,r2_mean,0.3533645823437426,0
pour_probe_baselines,sow_both_lambda_raw_volume,r2_std,0.09714041095663839,0
pour_probe_baselines,sow_both_wav2vec_mean_flow,r2_fold_A,0.7090134185715007,0
pour_probe_baselines,sow_both_wav2vec_mean_flow,r2_fold_B,0.6587577260121052,0
pour_probe_baselines,sow_both_wav2vec_mean_flow,r2_fold_C,0.6224007733546046,0
pour_probe_baselines,sow_both_wav2vec_mean_flow,r2_fold_D,0.6016176771299746,0
pour_probe_baselines,sow_both_wav2vec_mean_flow,r2_mean,0.6479473987670463,0
pour_probe_baselines,sow_both_wav2vec_mean_flow,r2_std,0.04075841976461869,0
pour_probe_baselines,sow_both_wav2vec_mean_volume,r2_fold_A,0.8658707610618969,0
pour_probe_baselines,sow_both_wav2vec_mean_volume,r2_fold_B,0.851881799996665,0
pour_probe_baselines,sow_both_wav2vec_mean_volume,r2_fold_C,0.7953990929049544,0
pour_probe_baselines,sow_both_wav2vec_mean_volume,r2_fold_D,0.6934622235132317,0
pour_probe_baselines,sow_both_wav2vec_mean_volume,r2_mean,0.8016534693691869,0
pour_probe_baselines,sow_both_wav2vec_mean_volume,r2_std,0.06780709523123288,0
pour_probe_baselines,sow_both_wav2vec_meanstd_flow,r2_fold_A,0.6524816857972611,0
pour_probe_baselines,sow_both_wav2vec_meanstd_flow,r2_fold_B,0.6627216806945873,0
pour_probe_baselines,sow_both_wav2vec_meanstd_flow,r2_fold_C,0.5915922294569171,0
pour_probe_baselines,sow_both_wav2vec_meanstd_flow,r2_fold_D,0.5795083477017022,0
pour_probe_baselines,sow_both_wav2vec_meanstd_flow,r2_mean,0.6215759859126169,0
pour_probe_baselines,sow_both_wav2vec_meanstd_flow,r2_std,0.036458340336231305,0
pour_probe_baselines,sow_both_wav2vec_meanstd_volume,r2_fold_A,0.8504519635606331,0
pour_probe_baselines,sow_both_wav2vec_meanstd_volume,r2_fold_B,0.8175693350937461,0
pour_probe_baselines,sow_both_wav2vec_meanstd_volume,r2_fold_C,0.7395702317612338,0
pour_probe_baselines,sow_both_wav2vec_meanstd_volume,r2_fold_D,0.6609546453968187,0
pour_probe_baselines,sow_both_wav2vec_meanstd_volume,r2_mean,0.7671365439531079,0
pour_probe_baselines,sow_both_wav2vec_meanstd_volume,r2_std,0.07334749947253007,0
pour_probe_clips,flow_CAM2,mean_mae,26.849294662475586,0
pour_probe_clips,flow_CAM2,mean_mae,26.849294662475586,0
pour_probe_clips,flow_CAM2,mean_mae_vs_base,1.0,0
pour_probe_clips,flow_CAM2,mean_mae_vs_base,1.0,0
pour_probe_clips,flow_CAM2,mean_r2,-0.0025686025619506836,0
pour_probe_clips,flow_CAM2,mean_r2,-0.0025686025619506836,0
pour_probe_clips,flow_CAM2,motion_mae,23.24294090270996,0
pour_probe_clips,flow_CAM2,motion_mae,23.24294090270996,0
pour_probe_clips,flow_CAM2,motion_mae_vs_base,0.8656816201281502,0
pour_probe_clips,flow_CAM2,motion_mae_vs_base,0.8656816201281502,0
pour_probe_clips,flow_CAM2,motion_r2,0.1830061674118042,0
pour_probe_clips,flow_CAM2,motion_r2,0.1830061674118042,0
pour_probe_clips,flow_CAM2,time_mae,26.825363159179688,0
pour_probe_clips,flow_CAM2,time_mae,26.825363159179688,0
pour_probe_clips,flow_CAM2,time_mae_vs_base,0.9991086729243079,0
pour_probe_clips,flow_CAM2,time_mae_vs_base,0.9991086729243079,0
pour_probe_clips,flow_CAM2,time_prof_mae,14.161343574523926,0
pour_probe_clips,flow_CAM2,time_prof_mae_vs_base,0.5274381972616858,0
pour_probe_clips,flow_CAM2,time_prof_r2,0.6216853857040405,0
pour_probe_clips,flow_CAM2,time_r2,0.00525212287902832,0
pour_probe_clips,flow_CAM2,time_r2,0.00525212287902832,0
pour_probe_clips,flow_CAM2,vjepa_mae,13.192992210388184,0
pour_probe_clips,flow_CAM2,vjepa_mae,13.192992210388184,0
pour_probe_clips,flow_CAM2,vjepa_mae_vs_base,0.4913720221047978,0
pour_probe_clips,flow_CAM2,vjepa_mae_vs_base,0.4913720221047978,0
pour_probe_clips,flow_CAM2,vjepa_r2,0.7115979194641113,0
pour_probe_clips,flow_CAM2,vjepa_r2,0.7115979194641113,0
pour_probe_clips,flow_CAM2,vjepa_shuf_mae,29.70720100402832,0
pour_probe_clips,flow_CAM2,vjepa_shuf_mae,29.70720100402832,0
pour_probe_clips,flow_CAM2,vjepa_shuf_mae_vs_base,1.106442510966477,0
pour_probe_clips,flow_CAM2,vjepa_shuf_mae_vs_base,1.106442510966477,0
pour_probe_clips,flow_CAM2,vjepa_shuf_r2,-0.32102978229522705,0
pour_probe_clips,flow_CAM2,vjepa_shuf_r2,-0.32102978229522705,0
pour_probe_clips,flow_both,mean_mae,26.84929656982422,0
pour_probe_clips,flow_both,mean_mae_vs_base,1.0,0
pour_probe_clips,flow_both,mean_r2,-0.002568483352661133,0
pour_probe_clips,flow_both,motion_mae,24.608226776123047,0
pour_probe_clips,flow_both,motion_mae_vs_base,0.9165315267059958,0
pour_probe_clips,flow_both,motion_r2,0.11336815357208252,0
pour_probe_clips,flow_both,time_mae,26.825407028198242,0
pour_probe_clips,flow_both,time_mae_vs_base,0.9991102358468182,0
pour_probe_clips,flow_both,time_r2,0.005251109600067139,0
pour_probe_clips,flow_both,vjepa_mae,14.376587867736816,0
pour_probe_clips,flow_both,vjepa_mae_vs_base,0.5354549170533796,0
pour_probe_clips,flow_both,vjepa_r2,0.6391401290893555,0
pour_probe_clips,flow_both,vjepa_shuf_mae,27.591304779052734,0
pour_probe_clips,flow_both,vjepa_shuf_mae_vs_base,1.0276360390782995,0
pour_probe_clips,flow_both,vjepa_shuf_r2,-0.08745253086090088,0
pour_probe_clips,volume_CAM2,mean_mae,74.96398162841797,0
pour_probe_clips,volume_CAM2,mean_mae,74.96398162841797,0
pour_probe_clips,volume_CAM2,mean_mae,74.96398162841797,0
pour_probe_clips,volume_CAM2,mean_mae_vs_base,1.0,0
pour_probe_clips,volume_CAM2,mean_mae_vs_base,1.0,0
pour_probe_clips,volume_CAM2,mean_mae_vs_base,1.0,0
pour_probe_clips,volume_CAM2,mean_r2,-0.0009515285491943359,0
pour_probe_clips,volume_CAM2,mean_r2,-0.0009515285491943359,0
pour_probe_clips,volume_CAM2,mean_r2,-0.0009515285491943359,0
pour_probe_clips,volume_CAM2,motion_mae,66.2542495727539,0
pour_probe_clips,volume_CAM2,motion_mae,29.92273712158203,0
pour_probe_clips,volume_CAM2,motion_mae,66.2542495727539,0
pour_probe_clips,volume_CAM2,motion_mae_vs_base,0.8838144417296759,0
pour_probe_clips,volume_CAM2,motion_mae_vs_base,0.3991615235954686,0
pour_probe_clips,volume_CAM2,motion_mae_vs_base,0.8838144417296759,0
pour_probe_clips,volume_CAM2,motion_r2,0.20237231254577637,0
pour_probe_clips,volume_CAM2,motion_r2,0.7823038101196289,0
pour_probe_clips,volume_CAM2,motion_r2,0.20237231254577637,0
pour_probe_clips,volume_CAM2,time_mae,29.866308212280273,0
pour_probe_clips,volume_CAM2,time_mae,29.866308212280273,0
pour_probe_clips,volume_CAM2,time_mae_vs_base,0.39840877663518215,0
pour_probe_clips,volume_CAM2,time_mae_vs_base,0.39840877663518215,0
pour_probe_clips,volume_CAM2,time_prof_mae,42.34342575073242,0
pour_probe_clips,volume_CAM2,time_prof_mae_vs_base,0.5648502765050639,0
pour_probe_clips,volume_CAM2,time_prof_r2,0.5632791519165039,0
pour_probe_clips,volume_CAM2,time_r2,0.7836847901344299,0
pour_probe_clips,volume_CAM2,time_r2,0.7836847901344299,0
pour_probe_clips,volume_CAM2,vjepa_mae,54.391754150390625,0
pour_probe_clips,volume_CAM2,vjepa_mae,54.391754150390625,0
pour_probe_clips,volume_CAM2,vjepa_mae,54.391754150390625,0
pour_probe_clips,volume_CAM2,vjepa_mae_vs_base,0.7255718408875356,0
pour_probe_clips,volume_CAM2,vjepa_mae_vs_base,0.7255718408875356,0
pour_probe_clips,volume_CAM2,vjepa_mae_vs_base,0.7255718408875356,0
pour_probe_clips,volume_CAM2,vjepa_r2,0.36377012729644775,0
pour_probe_clips,volume_CAM2,vjepa_r2,0.36377012729644775,0
pour_probe_clips,volume_CAM2,vjepa_r2,0.36377012729644775,0
pour_probe_clips,volume_CAM2,vjepa_shuf_mae,81.51116943359375,0
pour_probe_clips,volume_CAM2,vjepa_shuf_mae,81.51116943359375,0
pour_probe_clips,volume_CAM2,vjepa_shuf_mae,81.51116943359375,0
pour_probe_clips,volume_CAM2,vjepa_shuf_mae_vs_base,1.0873377809309668,0
pour_probe_clips,volume_CAM2,vjepa_shuf_mae_vs_base,1.0873377809309668,0
pour_probe_clips,volume_CAM2,vjepa_shuf_mae_vs_base,1.0873377809309668,0
pour_probe_clips,volume_CAM2,vjepa_shuf_r2,-0.27253830432891846,0
pour_probe_clips,volume_CAM2,vjepa_shuf_r2,-0.27253830432891846,0
pour_probe_clips,volume_CAM2,vjepa_shuf_r2,-0.27253830432891846,0
pour_probe_clips,volume_both,mean_mae,74.96398162841797,0
pour_probe_clips,volume_both,mean_mae_vs_base,1.0,0
pour_probe_clips,volume_both,mean_r2,-0.0009515285491943359,0
pour_probe_clips,volume_both,motion_mae,68.9697036743164,0
pour_probe_clips,volume_both,motion_mae_vs_base,0.9200378925466627,0
pour_probe_clips,volume_both,motion_r2,0.1311260461807251,0
pour_probe_clips,volume_both,time_mae,29.868179321289062,0
pour_probe_clips,volume_both,time_mae_vs_base,0.39843373674226484,0
pour_probe_clips,volume_both,time_r2,0.7836814522743225,0
pour_probe_clips,volume_both,vjepa_mae,53.63002395629883,0
pour_probe_clips,volume_both,vjepa_mae_vs_base,0.7154105583949975,0
pour_probe_clips,volume_both,vjepa_r2,0.38784968852996826,0
pour_probe_clips,volume_both,vjepa_shuf_mae,76.3417739868164,0
pour_probe_clips,volume_both,vjepa_shuf_mae_vs_base,1.0183793913886257,0
pour_probe_clips,volume_both,vjepa_shuf_r2,-0.09566032886505127,0
pour_probe_clips_attn,attn_flow_CAM2,best_val_mae,6.988671391846596,0
pour_probe_clips_attn,attn_flow_CAM2,best_val_r2,0.8993680630299572,0
pour_probe_clips_attn,attn_flow_CAM2,lr,0.00099419351295736,100
pour_probe_clips_attn,attn_flow_CAM2,lr,0.0,2130
pour_probe_clips_attn,attn_flow_CAM2,mean_mae,28.135356903076172,0
pour_probe_clips_attn,attn_flow_CAM2,mean_r2,-0.007475137710571289,0
pour_probe_clips_attn,attn_flow_CAM2,ridge_meanpool_mae,12.675207138061523,0
pour_probe_clips_attn,attn_flow_CAM2,ridge_meanpool_r2,0.7651165723800659,0
pour_probe_clips_attn,attn_flow_CAM2,time_prof_mae,16.203842163085938,0
pour_probe_clips_attn,attn_flow_CAM2,time_prof_r2,0.5971881747245789,0
pour_probe_clips_attn,attn_flow_CAM2,train_loss,0.38531845808029175,100
pour_probe_clips_attn,attn_flow_CAM2,train_loss,0.02871350385248661,2130
pour_probe_clips_attn,attn_flow_CAM2,val_mae,29.187111575351597,52
pour_probe_clips_attn,attn_flow_CAM2,val_mae,7.001332824548751,2132
pour_probe_clips_attn,attn_flow_CAM2,val_r2,-0.19420282958194024,52
pour_probe_clips_attn,attn_flow_CAM2,val_r2,0.8993676797067768,2132
pour_probe_clips_attn,attn_flow_CAM2_lag0.7,best_val_mae,7.556106014204873,0
pour_probe_clips_attn,attn_flow_CAM2_lag0.7,best_val_r2,0.8839065232787547,0
pour_probe_clips_attn,attn_flow_CAM2_lag0.7,ckpt_val_mae,7.556106014204873,0
pour_probe_clips_attn,attn_flow_CAM2_lag0.7,ckpt_val_r2,0.8849933327773731,0
pour_probe_clips_attn,attn_flow_CAM2_lag0.7,lr,0.0,2960
pour_probe_clips_attn,attn_flow_CAM2_lag0.7,mean_mae,28.135356903076172,0
pour_probe_clips_attn,attn_flow_CAM2_lag0.7,mean_r2,-0.007475137710571289,0
pour_probe_clips_attn,attn_flow_CAM2_lag0.7,ridge_meanpool_mae,12.675207138061523,0
pour_probe_clips_attn,attn_flow_CAM2_lag0.7,ridge_meanpool_r2,0.7651165723800659,0
pour_probe_clips_attn,attn_flow_CAM2_lag0.7,time_prof_mae,16.203842163085938,0
pour_probe_clips_attn,attn_flow_CAM2_lag0.7,time_prof_r2,0.5971881747245789,0
pour_probe_clips_attn,attn_flow_CAM2_lag0.7,train_loss,0.035127442330121994,2960
pour_probe_clips_attn,attn_flow_CAM2_lag0.7,val_mae,7.554397224287795,2964
pour_probe_clips_attn,attn_flow_CAM2_lag0.7,val_mae_CAM2,7.556106014204873,0
pour_probe_clips_attn,attn_flow_CAM2_lag0.7,val_r2,0.8745801414863974,2964
pour_probe_clips_attn,attn_flow_CAM2_lag0.7,val_r2_CAM2,0.8849933327773731,0
pour_probe_clips_attn,attn_flow_CAM2_lag0.7,val_tail_mean,0.8737202921920131,0
pour_probe_clips_attn,attn_flow_CAM2_lag0.7,val_tail_std,0.0011532092042129945,0
pour_probe_clips_attn,attn_flow_CAM2_lag0.7_foldB,best_val_mae,8.561849973405574,0
pour_probe_clips_attn,attn_flow_CAM2_lag0.7_foldB,best_val_r2,0.8631257934058031,0
pour_probe_clips_attn,attn_flow_CAM2_lag0.7_foldB,ckpt_val_mae,8.561849973405574,0
pour_probe_clips_attn,attn_flow_CAM2_lag0.7_foldB,ckpt_val_r2,0.8626389630165536,0
pour_probe_clips_attn,attn_flow_CAM2_lag0.7_foldB,lr,3.376002309041226e-09,2950
pour_probe_clips_attn,attn_flow_CAM2_lag0.7_foldB,mean_mae,31.695100784301758,0
pour_probe_clips_attn,attn_flow_CAM2_lag0.7_foldB,mean_r2,-0.008402466773986816,0
pour_probe_clips_attn,attn_flow_CAM2_lag0.7_foldB,ridge_meanpool_mae,14.730259895324707,0
pour_probe_clips_attn,attn_flow_CAM2_lag0.7_foldB,ridge_meanpool_r2,0.7053492069244385,0
pour_probe_clips_attn,attn_flow_CAM2_lag0.7_foldB,time_prof_mae,18.69661521911621,0
pour_probe_clips_attn,attn_flow_CAM2_lag0.7_foldB,time_prof_r2,0.5172544121742249,0
pour_probe_clips_attn,attn_flow_CAM2_lag0.7_foldB,train_loss,0.01265337411314249,2950
pour_probe_clips_attn,attn_flow_CAM2_lag0.7_foldB,val_mae,8.596010506504966,2958
pour_probe_clips_attn,attn_flow_CAM2_lag0.7_foldB,val_mae_CAM2,8.561849973405574,0
pour_probe_clips_attn,attn_flow_CAM2_lag0.7_foldB,val_r2,0.8412711842801739,2958
pour_probe_clips_attn,attn_flow_CAM2_lag0.7_foldB,val_r2_CAM2,0.8626389630165536,0
pour_probe_clips_attn,attn_flow_CAM2_lag0.7_foldB,val_tail_mean,0.8397639253388937,0
pour_probe_clips_attn,attn_flow_CAM2_lag0.7_foldB,val_tail_std,0.0025230291721873087,0
pour_probe_clips_attn,attn_flow_CAM2_lag0.7_foldB_roi,best_val_mae,8.635055931038671,0
pour_probe_clips_attn,attn_flow_CAM2_lag0.7_foldB_roi,best_val_r2,0.8632227385556832,0
pour_probe_clips_attn,attn_flow_CAM2_lag0.7_foldB_roi,ckpt_val_mae,8.635055931038671,0
pour_probe_clips_attn,attn_flow_CAM2_lag0.7_foldB_roi,ckpt_val_r2,0.8626681376305934,0
pour_probe_clips_attn,attn_flow_CAM2_lag0.7_foldB_roi,lr,5.809290882785589e-10,2950
pour_probe_clips_attn,attn_flow_CAM2_lag0.7_foldB_roi,mean_mae,31.695100784301758,0
pour_probe_clips_attn,attn_flow_CAM2_lag0.7_foldB_roi,mean_r2,-0.008402466773986816,0
pour_probe_clips_attn,attn_flow_CAM2_lag0.7_foldB_roi,ridge_meanpool_mae,14.730259895324707,0
pour_probe_clips_attn,attn_flow_CAM2_lag0.7_foldB_roi,ridge_meanpool_r2,0.7053492069244385,0
pour_probe_clips_attn,attn_flow_CAM2_lag0.7_foldB_roi,time_prof_mae,18.69661521911621,0
pour_probe_clips_attn,attn_flow_CAM2_lag0.7_foldB_roi,time_prof_r2,0.5172544121742249,0
pour_probe_clips_attn,attn_flow_CAM2_lag0.7_foldB_roi,train_loss,0.007904396392405033,2950
pour_probe_clips_attn,attn_flow_CAM2_lag0.7_foldB_roi,val_mae,8.675320337642612,2958
pour_probe_clips_attn,attn_flow_CAM2_lag0.7_foldB_roi,val_mae_CAM2,8.635055931038671,0
pour_probe_clips_attn,attn_flow_CAM2_lag0.7_foldB_roi,val_r2,0.8552721289718341,2958
pour_probe_clips_attn,attn_flow_CAM2_lag0.7_foldB_roi,val_r2_CAM2,0.8626681376305934,0
pour_probe_clips_attn,attn_flow_CAM2_lag0.7_foldB_roi,val_tail_mean,0.8557782602180385,0
pour_probe_clips_attn,attn_flow_CAM2_lag0.7_foldB_roi,val_tail_std,0.0009583106299829657,0
pour_probe_clips_attn,attn_flow_CAM2_lag0.7_foldC,best_val_mae,5.129535724287855,0
pour_probe_clips_attn,attn_flow_CAM2_lag0.7_foldC,best_val_r2,0.9063145629908523,0
pour_probe_clips_attn,attn_flow_CAM2_lag0.7_foldC,ckpt_val_mae,5.129535724287855,0
pour_probe_clips_attn,attn_flow_CAM2_lag0.7_foldC,ckpt_val_r2,0.9055977316855283,0
pour_probe_clips_attn,attn_flow_CAM2_lag0.7_foldC,lr,3.1090084047058486e-08,2840
pour_probe_clips_attn,attn_flow_CAM2_lag0.7_foldC,mean_mae,25.133848190307617,0
pour_probe_clips_attn,attn_flow_CAM2_lag0.7_foldC,mean_r2,-0.06836748123168945,0
pour_probe_clips_attn,attn_flow_CAM2_lag0.7_foldC,ridge_meanpool_mae,10.682082176208496,0
pour_probe_clips_attn,attn_flow_CAM2_lag0.7_foldC,ridge_meanpool_r2,0.7416732311248779,0
pour_probe_clips_attn,attn_flow_CAM2_lag0.7_foldC,time_prof_mae,16.683244705200195,0
pour_probe_clips_attn,attn_flow_CAM2_lag0.7_foldC,time_prof_r2,0.4271162748336792,0
pour_probe_clips_attn,attn_flow_CAM2_lag0.7_foldC,train_loss,0.019771378487348557,2840
pour_probe_clips_attn,attn_flow_CAM2_lag0.7_foldC,val_mae,5.268590566912803,2842
pour_probe_clips_attn,attn_flow_CAM2_lag0.7_foldC,val_mae_CAM2,5.129535724287855,0
pour_probe_clips_attn,attn_flow_CAM2_lag0.7_foldC,val_r2,0.9031194811750366,2842
pour_probe_clips_attn,attn_flow_CAM2_lag0.7_foldC,val_r2_CAM2,0.9055977316855283,0
pour_probe_clips_attn,attn_flow_CAM2_lag0.7_foldC,val_tail_mean,0.903561195647633,0
pour_probe_clips_attn,attn_flow_CAM2_lag0.7_foldC,val_tail_std,0.0008980747501890332,0
pour_probe_clips_attn,attn_flow_CAM2_lag0.7_foldC_roi,best_val_mae,6.295622115067319,0
pour_probe_clips_attn,attn_flow_CAM2_lag0.7_foldC_roi,best_val_r2,0.8750077483820947,0
pour_probe_clips_attn,attn_flow_CAM2_lag0.7_foldC_roi,ckpt_val_mae,6.295622115067319,0
pour_probe_clips_attn,attn_flow_CAM2_lag0.7_foldC_roi,ckpt_val_r2,0.8750043929779595,0
pour_probe_clips_attn,attn_flow_CAM2_lag0.7_foldC_roi,lr,0.0,2890
pour_probe_clips_attn,attn_flow_CAM2_lag0.7_foldC_roi,mean_mae,25.133848190307617,0
pour_probe_clips_attn,attn_flow_CAM2_lag0.7_foldC_roi,mean_r2,-0.06836748123168945,0
pour_probe_clips_attn,attn_flow_CAM2_lag0.7_foldC_roi,ridge_meanpool_mae,10.682082176208496,0
pour_probe_clips_attn,attn_flow_CAM2_lag0.7_foldC_roi,ridge_meanpool_r2,0.7416732311248779,0
pour_probe_clips_attn,attn_flow_CAM2_lag0.7_foldC_roi,time_prof_mae,16.683244705200195,0
pour_probe_clips_attn,attn_flow_CAM2_lag0.7_foldC_roi,time_prof_r2,0.4271162748336792,0
pour_probe_clips_attn,attn_flow_CAM2_lag0.7_foldC_roi,train_loss,0.004815141670405865,2890
pour_probe_clips_attn,attn_flow_CAM2_lag0.7_foldC_roi,val_mae,6.290909637722567,2891
pour_probe_clips_attn,attn_flow_CAM2_lag0.7_foldC_roi,val_mae_CAM2,6.295622115067319,0
pour_probe_clips_attn,attn_flow_CAM2_lag0.7_foldC_roi,val_r2,0.8738651630471574,2891
pour_probe_clips_attn,attn_flow_CAM2_lag0.7_foldC_roi,val_r2_CAM2,0.8750043929779595,0
pour_probe_clips_attn,attn_flow_CAM2_lag0.7_foldC_roi,val_tail_mean,0.8738371512058507,0
pour_probe_clips_attn,attn_flow_CAM2_lag0.7_foldC_roi,val_tail_std,6.078977909965626e-05,0
pour_probe_clips_attn,attn_flow_CAM2_lag0.7_roi,best_val_mae,9.090462798542935,0
pour_probe_clips_attn,attn_flow_CAM2_lag0.7_roi,best_val_r2,0.7824260698500126,0
pour_probe_clips_attn,attn_flow_CAM2_lag0.7_roi,ckpt_val_mae,9.090462798542935,0
pour_probe_clips_attn,attn_flow_CAM2_lag0.7_roi,ckpt_val_r2,0.7812156362678554,0
pour_probe_clips_attn,attn_flow_CAM2_lag0.7_roi,lr,0.0,3010
pour_probe_clips_attn,attn_flow_CAM2_lag0.7_roi,mean_mae,28.135356903076172,0
pour_probe_clips_attn,attn_flow_CAM2_lag0.7_roi,mean_r2,-0.007475137710571289,0
pour_probe_clips_attn,attn_flow_CAM2_lag0.7_roi,ridge_meanpool_mae,12.675207138061523,0
pour_probe_clips_attn,attn_flow_CAM2_lag0.7_roi,ridge_meanpool_r2,0.7651165723800659,0
pour_probe_clips_attn,attn_flow_CAM2_lag0.7_roi,time_prof_mae,16.203842163085938,0
pour_probe_clips_attn,attn_flow_CAM2_lag0.7_roi,time_prof_r2,0.5971881747245789,0
pour_probe_clips_attn,attn_flow_CAM2_lag0.7_roi,train_loss,0.006370316259562969,3010
pour_probe_clips_attn,attn_flow_CAM2_lag0.7_roi,val_mae,9.07036790308649,3016
pour_probe_clips_attn,attn_flow_CAM2_lag0.7_roi,val_mae_CAM2,9.090462798542935,0
pour_probe_clips_attn,attn_flow_CAM2_lag0.7_roi,val_r2,0.778918947040931,3016
pour_probe_clips_attn,attn_flow_CAM2_lag0.7_roi,val_r2_CAM2,0.7812156362678554,0
pour_probe_clips_attn,attn_flow_CAM2_lag0.7_roi,val_tail_mean,0.7797927462280824,0
pour_probe_clips_attn,attn_flow_CAM2_lag0.7_roi,val_tail_std,0.0016657724354619393,0
pour_probe_clips_attn,attn_flow_CAM2_roi,best_val_mae,10.26819524246597,0
pour_probe_clips_attn,attn_flow_CAM2_roi,best_val_r2,0.7390462075182863,0
pour_probe_clips_attn,attn_flow_CAM2_roi,ckpt_val_mae,10.26819524246597,0
pour_probe_clips_attn,attn_flow_CAM2_roi,ckpt_val_r2,0.7381771583178304,0
pour_probe_clips_attn,attn_flow_CAM2_roi,lr,0.0,2130
pour_probe_clips_attn,attn_flow_CAM2_roi,mean_mae,28.135356903076172,0
pour_probe_clips_attn,attn_flow_CAM2_roi,mean_r2,-0.007475137710571289,0
pour_probe_clips_attn,attn_flow_CAM2_roi,ridge_meanpool_mae,12.675207138061523,0
pour_probe_clips_attn,attn_flow_CAM2_roi,ridge_meanpool_r2,0.7651165723800659,0
pour_probe_clips_attn,attn_flow_CAM2_roi,time_prof_mae,16.203842163085938,0
pour_probe_clips_attn,attn_flow_CAM2_roi,time_prof_r2,0.5971881747245789,0
pour_probe_clips_attn,attn_flow_CAM2_roi,train_loss,0.02772621624171734,2130
pour_probe_clips_attn,attn_flow_CAM2_roi,val_mae,10.26819524246597,2132
pour_probe_clips_attn,attn_flow_CAM2_roi,val_mae_CAM2,10.26819524246597,0
pour_probe_clips_attn,attn_flow_CAM2_roi,val_r2,0.7381771583178304,2132
pour_probe_clips_attn,attn_flow_CAM2_roi,val_r2_CAM2,0.7381771583178304,0
pour_probe_clips_attn,attn_flow_CAM2_roi,val_tail_mean,0.737089115160817,0
pour_probe_clips_attn,attn_flow_CAM2_roi,val_tail_std,0.003407468961222366,0
pour_probe_clips_attn,attn_flow_CAM3,best_val_mae,10.430623675228162,0
pour_probe_clips_attn,attn_flow_CAM3,best_val_r2,0.8043648562294203,0
pour_probe_clips_attn,attn_flow_CAM3,lr,4.6194621767692337e-08,2070
pour_probe_clips_attn,attn_flow_CAM3,mean_mae,28.135356903076172,0
pour_probe_clips_attn,attn_flow_CAM3,mean_r2,-0.007475137710571289,0
pour_probe_clips_attn,attn_flow_CAM3,ridge_meanpool_mae,16.872196197509766,0
pour_probe_clips_attn,attn_flow_CAM3,ridge_meanpool_r2,0.592519998550415,0
pour_probe_clips_attn,attn_flow_CAM3,time_prof_mae,16.204042434692383,0
pour_probe_clips_attn,attn_flow_CAM3,time_prof_r2,0.5971760749816895,0
pour_probe_clips_attn,attn_flow_CAM3,train_loss,0.08334194123744965,2070
pour_probe_clips_attn,attn_flow_CAM3,val_mae,10.862962292315258,2080
pour_probe_clips_attn,attn_flow_CAM3,val_r2,0.7380708466220838,2080
pour_probe_clips_attn,attn_flow_both,best_val_mae,9.957324454571165,0
pour_probe_clips_attn,attn_flow_both,best_val_r2,0.8119415251441287,0
pour_probe_clips_attn,attn_flow_both,lr,0.00010683065820014844,2050
pour_probe_clips_attn,attn_flow_both,mean_mae,28.135358810424805,0
pour_probe_clips_attn,attn_flow_both,mean_r2,-0.007475018501281738,0
pour_probe_clips_attn,attn_flow_both,ridge_meanpool_mae,15.24567699432373,0
pour_probe_clips_attn,attn_flow_both,ridge_meanpool_r2,0.6470814943313599,0
pour_probe_clips_attn,attn_flow_both,time_prof_mae,15.331465721130371,0
pour_probe_clips_attn,attn_flow_both,time_prof_r2,0.6308383941650391,0
pour_probe_clips_attn,attn_flow_both,train_loss,0.12298007309436798,2050
pour_probe_clips_attn,attn_flow_both,val_mae,10.742517768289558,2060
pour_probe_clips_attn,attn_flow_both,val_mae_CAM2,9.247898018560342,0
pour_probe_clips_attn,attn_flow_both,val_mae_CAM3,10.666750890581987,0
pour_probe_clips_attn,attn_flow_both,val_r2,0.7723584889385506,2060
pour_probe_clips_attn,attn_flow_both,val_r2_CAM2,0.8267584029168246,0
pour_probe_clips_attn,attn_flow_both,val_r2_CAM3,0.7971246473714328,0
pour_probe_clips_attn,attn_flow_both_lag0.7,best_val_mae,10.13425737463202,0
pour_probe_clips_attn,attn_flow_both_lag0.7,best_val_mae,8.254702292916074,0
pour_probe_clips_attn,attn_flow_both_lag0.7,best_val_r2,0.8293220793897156,0
pour_probe_clips_attn,attn_flow_both_lag0.7,best_val_r2,0.8576753110476195,0
pour_probe_clips_attn,attn_flow_both_lag0.7,ckpt_val_mae,8.254702292916074,0
pour_probe_clips_attn,attn_flow_both_lag0.7,ckpt_val_r2,0.8539364988992354,0
pour_probe_clips_attn,attn_flow_both_lag0.7,lr,0.00031395427643746675,2470
pour_probe_clips_attn,attn_flow_both_lag0.7,lr,0.0009989085811602644,180
pour_probe_clips_attn,attn_flow_both_lag0.7,lr,0.0006019417475728155,60
pour_probe_clips_attn,attn_flow_both_lag0.7,lr,0.0,5560
pour_probe_clips_attn,attn_flow_both_lag0.7,mean_mae,28.135358810424805,0
pour_probe_clips_attn,attn_flow_both_lag0.7,mean_mae,28.135358810424805,0
pour_probe_clips_attn,attn_flow_both_lag0.7,mean_r2,-0.007475018501281738,0
pour_probe_clips_attn,attn_flow_both_lag0.7,mean_r2,-0.007475018501281738,0
pour_probe_clips_attn,attn_flow_both_lag0.7,ridge_meanpool_mae,15.24567699432373,0
pour_probe_clips_attn,attn_flow_both_lag0.7,ridge_meanpool_mae,15.24567699432373,0
pour_probe_clips_attn,attn_flow_both_lag0.7,ridge_meanpool_r2,0.6470814943313599,0
pour_probe_clips_attn,attn_flow_both_lag0.7,ridge_meanpool_r2,0.6470814943313599,0
pour_probe_clips_attn,attn_flow_both_lag0.7,time_prof_mae,15.331465721130371,0
pour_probe_clips_attn,attn_flow_both_lag0.7,time_prof_mae,15.331465721130371,0
pour_probe_clips_attn,attn_flow_both_lag0.7,time_prof_r2,0.6308383941650391,0
pour_probe_clips_attn,attn_flow_both_lag0.7,time_prof_r2,0.6308383941650391,0
pour_probe_clips_attn,attn_flow_both_lag0.7,train_loss,0.007899194955825806,2470
pour_probe_clips_attn,attn_flow_both_lag0.7,train_loss,0.4457169771194458,180
pour_probe_clips_attn,attn_flow_both_lag0.7,train_loss,0.18289798498153687,60
pour_probe_clips_attn,attn_flow_both_lag0.7,train_loss,0.025798890739679337,5560
pour_probe_clips_attn,attn_flow_both_lag0.7,val_mae,9.524631067012121,2472
pour_probe_clips_attn,attn_flow_both_lag0.7,val_mae,33.99391812686627,103
pour_probe_clips_attn,attn_flow_both_lag0.7,val_mae,8.243499194976135,5562
pour_probe_clips_attn,attn_flow_both_lag0.7,val_mae_CAM2,10.328955656511365,0
pour_probe_clips_attn,attn_flow_both_lag0.7,val_mae_CAM2,7.686819645431764,0
pour_probe_clips_attn,attn_flow_both_lag0.7,val_mae_CAM3,9.939559092752676,0
pour_probe_clips_attn,attn_flow_both_lag0.7,val_mae_CAM3,8.822584940400382,0
pour_probe_clips_attn,attn_flow_both_lag0.7,val_r2,0.8182158430211832,2472
pour_probe_clips_attn,attn_flow_both_lag0.7,val_r2,-0.24039876121315018,103
pour_probe_clips_attn,attn_flow_both_lag0.7,val_r2,0.8541917389180009,5562
pour_probe_clips_attn,attn_flow_both_lag0.7,val_r2_CAM2,0.8314305205245656,0
pour_probe_clips_attn,attn_flow_both_lag0.7,val_r2_CAM2,0.8742034786879138,0
pour_probe_clips_attn,attn_flow_both_lag0.7,val_r2_CAM3,0.8272136382548657,0
pour_probe_clips_attn,attn_flow_both_lag0.7,val_r2_CAM3,0.8336695191105569,0
pour_probe_clips_attn,attn_flow_both_lag0.7,val_tail_mean,0.8541917389180009,0
pour_probe_clips_attn,attn_flow_both_lag0.7,val_tail_std,0.0,0
pour_probe_clips_attn,attn_flow_both_lag0.7_foldA,best_val_mae,8.084083919070709,0
pour_probe_clips_attn,attn_flow_both_lag0.7_foldA,best_val_r2,0.8518979245428548,0
pour_probe_clips_attn,attn_flow_both_lag0.7_foldA,ckpt_val_mae,8.084083919070709,0
pour_probe_clips_attn,attn_flow_both_lag0.7_foldA,ckpt_val_r2,0.8493659305401904,0
pour_probe_clips_attn,attn_flow_both_lag0.7_foldA,lr,0.0,2980
pour_probe_clips_attn,attn_flow_both_lag0.7_foldA,mean_mae,28.135358810424805,0
pour_probe_clips_attn,attn_flow_both_lag0.7_foldA,mean_r2,-0.007475018501281738,0
pour_probe_clips_attn,attn_flow_both_lag0.7_foldA,ridge_meanpool_mae,15.24567699432373,0
pour_probe_clips_attn,attn_flow_both_lag0.7_foldA,ridge_meanpool_r2,0.6470814943313599,0
pour_probe_clips_attn,attn_flow_both_lag0.7_foldA,time_prof_mae,15.331465721130371,0
pour_probe_clips_attn,attn_flow_both_lag0.7_foldA,time_prof_r2,0.6308383941650391,0
pour_probe_clips_attn,attn_flow_both_lag0.7_foldA,train_loss,0.06354808062314987,2980
pour_probe_clips_attn,attn_flow_both_lag0.7_foldA,val_mae,8.195019028433983,2987
pour_probe_clips_attn,attn_flow_both_lag0.7_foldA,val_mae_CAM2,6.860768627405717,0
pour_probe_clips_attn,attn_flow_both_lag0.7_foldA,val_mae_CAM3,9.307399210735701,0
pour_probe_clips_attn,attn_flow_both_lag0.7_foldA,val_r2,0.8416072206627279,2987
pour_probe_clips_attn,attn_flow_both_lag0.7_foldA,val_r2_CAM2,0.897865699127569,0
pour_probe_clips_attn,attn_flow_both_lag0.7_foldA,val_r2_CAM3,0.8008661619528119,0
pour_probe_clips_attn,attn_flow_both_lag0.7_foldA,val_tail_mean,0.8413846937232492,0
pour_probe_clips_attn,attn_flow_both_lag0.7_foldA,val_tail_std,0.0004450538789572356,0
pour_probe_clips_attn,attn_flow_both_lag0.7_foldB,best_val_mae,9.077775168029492,0
pour_probe_clips_attn,attn_flow_both_lag0.7_foldB,best_val_r2,0.8000172505260297,0
pour_probe_clips_attn,attn_flow_both_lag0.7_foldB,ckpt_val_mae,9.077775168029492,0
pour_probe_clips_attn,attn_flow_both_lag0.7_foldB,ckpt_val_r2,0.8004087356076657,0
pour_probe_clips_attn,attn_flow_both_lag0.7_foldB,lr,0.0,2920
pour_probe_clips_attn,attn_flow_both_lag0.7_foldB,mean_mae,29.794103622436523,0
pour_probe_clips_attn,attn_flow_both_lag0.7_foldB,mean_r2,-0.008086919784545898,0
pour_probe_clips_attn,attn_flow_both_lag0.7_foldB,ridge_meanpool_mae,17.562482833862305,0
pour_probe_clips_attn,attn_flow_both_lag0.7_foldB,ridge_meanpool_r2,0.5348365306854248,0
pour_probe_clips_attn,attn_flow_both_lag0.7_foldB,time_prof_mae,17.220314025878906,0
pour_probe_clips_attn,attn_flow_both_lag0.7_foldB,time_prof_r2,0.5767166614532471,0
pour_probe_clips_attn,attn_flow_both_lag0.7_foldB,train_loss,0.017047304660081863,2920
pour_probe_clips_attn,attn_flow_both_lag0.7_foldB,val_mae,9.188426581963876,2929
pour_probe_clips_attn,attn_flow_both_lag0.7_foldB,val_mae_CAM2,8.96846149120243,0
pour_probe_clips_attn,attn_flow_both_lag0.7_foldB,val_mae_CAM3,9.187088844856554,0
pour_probe_clips_attn,attn_flow_both_lag0.7_foldB,val_r2,0.7957811742429828,2929
pour_probe_clips_attn,attn_flow_both_lag0.7_foldB,val_r2_CAM2,0.8284232775434078,0
pour_probe_clips_attn,attn_flow_both_lag0.7_foldB,val_r2_CAM3,0.7723941936719235,0
pour_probe_clips_attn,attn_flow_both_lag0.7_foldB,val_tail_mean,0.7958577730700039,0
pour_probe_clips_attn,attn_flow_both_lag0.7_foldB,val_tail_std,0.00015319765404249173,0
pour_probe_clips_attn,attn_flow_both_lag0.7_foldC,best_val_mae,7.105261897932929,0
pour_probe_clips_attn,attn_flow_both_lag0.7_foldC,best_val_r2,0.8414434786591497,0
pour_probe_clips_attn,attn_flow_both_lag0.7_foldC,ckpt_val_mae,7.105261897932929,0
pour_probe_clips_attn,attn_flow_both_lag0.7_foldC,ckpt_val_r2,0.8336092879880556,0
pour_probe_clips_attn,attn_flow_both_lag0.7_foldC,lr,0.0,2840
pour_probe_clips_attn,attn_flow_both_lag0.7_foldC,mean_mae,23.227052688598633,0
pour_probe_clips_attn,attn_flow_both_lag0.7_foldC,mean_r2,-0.0646744966506958,0
pour_probe_clips_attn,attn_flow_both_lag0.7_foldC,ridge_meanpool_mae,14.451618194580078,0
pour_probe_clips_attn,attn_flow_both_lag0.7_foldC,ridge_meanpool_r2,0.530143141746521,0
pour_probe_clips_attn,attn_flow_both_lag0.7_foldC,time_prof_mae,15.07577896118164,0
pour_probe_clips_attn,attn_flow_both_lag0.7_foldC,time_prof_r2,0.4603096842765808,0
pour_probe_clips_attn,attn_flow_both_lag0.7_foldC,train_loss,0.01849869266152382,2840
pour_probe_clips_attn,attn_flow_both_lag0.7_foldC,val_mae,6.961347148101049,2842
pour_probe_clips_attn,attn_flow_both_lag0.7_foldC,val_mae_CAM2,5.931020442378279,0
pour_probe_clips_attn,attn_flow_both_lag0.7_foldC,val_mae_CAM3,8.27950335348758,0
pour_probe_clips_attn,attn_flow_both_lag0.7_foldC,val_r2,0.8387402691756649,2842
pour_probe_clips_attn,attn_flow_both_lag0.7_foldC,val_r2_CAM2,0.8825841372782675,0
pour_probe_clips_attn,attn_flow_both_lag0.7_foldC,val_r2_CAM3,0.7846344386978438,0
pour_probe_clips_attn,attn_flow_both_lag0.7_foldC,val_tail_mean,0.8382505619493422,0
pour_probe_clips_attn,attn_flow_both_lag0.7_foldC,val_tail_std,0.0009794144526452887,0
pour_probe_clips_attn,attn_flow_both_lag0.7_foldD,best_val_mae,9.868166341040808,0
pour_probe_clips_attn,attn_flow_both_lag0.7_foldD,best_val_r2,0.7648212022000069,0
pour_probe_clips_attn,attn_flow_both_lag0.7_foldD,ckpt_val_mae,9.868166341040808,0
pour_probe_clips_attn,attn_flow_both_lag0.7_foldD,ckpt_val_r2,0.7627819243610543,0
pour_probe_clips_attn,attn_flow_both_lag0.7_foldD,lr,0.0,3070
pour_probe_clips_attn,attn_flow_both_lag0.7_foldD,mean_mae,26.707351684570312,0
pour_probe_clips_attn,attn_flow_both_lag0.7_foldD,mean_r2,-0.0012058019638061523,0
pour_probe_clips_attn,attn_flow_both_lag0.7_foldD,ridge_meanpool_mae,15.421076774597168,0
pour_probe_clips_attn,attn_flow_both_lag0.7_foldD,ridge_meanpool_r2,0.5921832919120789,0
pour_probe_clips_attn,attn_flow_both_lag0.7_foldD,time_prof_mae,15.134554862976074,0
pour_probe_clips_attn,attn_flow_both_lag0.7_foldD,time_prof_r2,0.5825604796409607,0
pour_probe_clips_attn,attn_flow_both_lag0.7_foldD,train_loss,0.12594282627105713,3070
pour_probe_clips_attn,attn_flow_both_lag0.7_foldD,val_mae,9.868166341040808,3074
pour_probe_clips_attn,attn_flow_both_lag0.7_foldD,val_mae_CAM2,8.82196967582475,0
pour_probe_clips_attn,attn_flow_both_lag0.7_foldD,val_mae_CAM3,10.914363006256867,0
pour_probe_clips_attn,attn_flow_both_lag0.7_foldD,val_r2,0.7627819243610543,3074
pour_probe_clips_attn,attn_flow_both_lag0.7_foldD,val_r2_CAM2,0.8184413849105044,0
pour_probe_clips_attn,attn_flow_both_lag0.7_foldD,val_r2_CAM3,0.707122463811604,0
pour_probe_clips_attn,attn_flow_both_lag0.7_foldD,val_tail_mean,0.763225509894174,0
pour_probe_clips_attn,attn_flow_both_lag0.7_foldD,val_tail_std,0.000887171066239656,0
pour_probe_clips_attn,attn_flow_both_lag0.7_fromSoW,best_val_mae,9.767675783030278,0
pour_probe_clips_attn,attn_flow_both_lag0.7_fromSoW,best_val_r2,0.8443173263685854,0
pour_probe_clips_attn,attn_flow_both_lag0.7_fromSoW,ckpt_val_mae,9.767675783030278,0
pour_probe_clips_attn,attn_flow_both_lag0.7_fromSoW,ckpt_val_r2,0.8306424728608814,0
pour_probe_clips_attn,attn_flow_both_lag0.7_fromSoW,lr,0.0,3390
pour_probe_clips_attn,attn_flow_both_lag0.7_fromSoW,mean_mae,28.135358810424805,0
pour_probe_clips_attn,attn_flow_both_lag0.7_fromSoW,mean_r2,-0.007475018501281738,0
pour_probe_clips_attn,attn_flow_both_lag0.7_fromSoW,ridge_meanpool_mae,15.24567699432373,0
pour_probe_clips_attn,attn_flow_both_lag0.7_fromSoW,ridge_meanpool_r2,0.6470814943313599,0
pour_probe_clips_attn,attn_flow_both_lag0.7_fromSoW,time_prof_mae,15.331465721130371,0
pour_probe_clips_attn,attn_flow_both_lag0.7_fromSoW,time_prof_r2,0.6308383941650391,0
pour_probe_clips_attn,attn_flow_both_lag0.7_fromSoW,train_loss,0.04948657751083374,3390
pour_probe_clips_attn,attn_flow_both_lag0.7_fromSoW,val_mae,8.489607701204907,3399
pour_probe_clips_attn,attn_flow_both_lag0.7_fromSoW,val_mae_CAM2,9.096850766048249,0
pour_probe_clips_attn,attn_flow_both_lag0.7_fromSoW,val_mae_CAM3,10.438500800012305,0
pour_probe_clips_attn,attn_flow_both_lag0.7_fromSoW,val_r2,0.8290811380808343,3399
pour_probe_clips_attn,attn_flow_both_lag0.7_fromSoW,val_r2_CAM2,0.858690913474624,0
pour_probe_clips_attn,attn_flow_both_lag0.7_fromSoW,val_r2_CAM3,0.802594032247139,0
pour_probe_clips_attn,attn_flow_both_lag0.7_fromSoW,val_tail_mean,0.8257571124100199,0
pour_probe_clips_attn,attn_flow_both_lag0.7_fromSoW,val_tail_std,0.006614613101114084,0
pour_probe_clips_attn,attn_flow_both_lag0.7_mse,best_val_mae,11.334890223596544,0
pour_probe_clips_attn,attn_flow_both_lag0.7_mse,best_val_r2,0.7718752937165593,0
pour_probe_clips_attn,attn_flow_both_lag0.7_mse,ckpt_val_mae,11.334890223596544,0
pour_probe_clips_attn,attn_flow_both_lag0.7_mse,ckpt_val_r2,0.7993871092348223,0
pour_probe_clips_attn,attn_flow_both_lag0.7_mse,lr,0.0,3910
pour_probe_clips_attn,attn_flow_both_lag0.7_mse,mean_mae,28.135358810424805,0
pour_probe_clips_attn,attn_flow_both_lag0.7_mse,mean_r2,-0.007475018501281738,0
pour_probe_clips_attn,attn_flow_both_lag0.7_mse,ridge_meanpool_mae,15.24567699432373,0
pour_probe_clips_attn,attn_flow_both_lag0.7_mse,ridge_meanpool_r2,0.6470814943313599,0
pour_probe_clips_attn,attn_flow_both_lag0.7_mse,time_prof_mae,15.331465721130371,0
pour_probe_clips_attn,attn_flow_both_lag0.7_mse,time_prof_r2,0.6308383941650391,0
pour_probe_clips_attn,attn_flow_both_lag0.7_mse,train_loss,0.6068563461303711,3910
pour_probe_clips_attn,attn_flow_both_lag0.7_mse,val_mae,11.577498941718199,3914
pour_probe_clips_attn,attn_flow_both_lag0.7_mse,val_mae_CAM2,10.479150548649846,0
pour_probe_clips_attn,attn_flow_both_lag0.7_mse,val_mae_CAM3,12.190629898543241,0
pour_probe_clips_attn,attn_flow_both_lag0.7_mse,val_r2,0.740221410954728,3914
pour_probe_clips_attn,attn_flow_both_lag0.7_mse,val_r2_CAM2,0.8248245991679165,0
pour_probe_clips_attn,attn_flow_both_lag0.7_mse,val_r2_CAM3,0.7739496193017279,0
pour_probe_clips_attn,attn_flow_both_lag0.7_mse,val_tail_mean,0.740221410954728,0
pour_probe_clips_attn,attn_flow_both_lag0.7_mse,val_tail_std,0.0,0
pour_probe_clips_attn,attn_flow_both_lag0.7_mse_noWS,lr,0.0009902912621359223,100
pour_probe_clips_attn,attn_flow_both_lag0.7_mse_noWS,train_loss,0.41952046751976013,100
pour_probe_clips_attn,attn_flow_both_lag0.7_noWS,best_val_mae,8.970568814451882,0
pour_probe_clips_attn,attn_flow_both_lag0.7_noWS,best_val_r2,0.8444778168791208,0
pour_probe_clips_attn,attn_flow_both_lag0.7_noWS,ckpt_val_mae,8.970568814451882,0
pour_probe_clips_attn,attn_flow_both_lag0.7_noWS,ckpt_val_r2,0.8428614268604716,0
pour_probe_clips_attn,attn_flow_both_lag0.7_noWS,lr,0.0,2780
pour_probe_clips_attn,attn_flow_both_lag0.7_noWS,mean_mae,28.135358810424805,0
pour_probe_clips_attn,attn_flow_both_lag0.7_noWS,mean_r2,-0.007475018501281738,0
pour_probe_clips_attn,attn_flow_both_lag0.7_noWS,ridge_meanpool_mae,15.24567699432373,0
pour_probe_clips_attn,attn_flow_both_lag0.7_noWS,ridge_meanpool_r2,0.6470814943313599,0
pour_probe_clips_attn,attn_flow_both_lag0.7_noWS,time_prof_mae,15.331465721130371,0
pour_probe_clips_attn,attn_flow_both_lag0.7_noWS,time_prof_r2,0.6308383941650391,0
pour_probe_clips_attn,attn_flow_both_lag0.7_noWS,train_loss,0.01498475018888712,2780
pour_probe_clips_attn,attn_flow_both_lag0.7_noWS,val_mae,9.044696953783427,2781
pour_probe_clips_attn,attn_flow_both_lag0.7_noWS,val_mae_CAM2,8.92015911815041,0
pour_probe_clips_attn,attn_flow_both_lag0.7_noWS,val_mae_CAM3,9.020978510753352,0
pour_probe_clips_attn,attn_flow_both_lag0.7_noWS,val_r2,0.8389469620297185,2781
pour_probe_clips_attn,attn_flow_both_lag0.7_noWS,val_r2_CAM2,0.8475824121688794,0
pour_probe_clips_attn,attn_flow_both_lag0.7_noWS,val_r2_CAM3,0.8381404415520638,0
pour_probe_clips_attn,attn_flow_both_lag0.7_noWS,val_tail_mean,0.8389469620297184,0
pour_probe_clips_attn,attn_flow_both_lag0.7_noWS,val_tail_std,1.1102230246251565e-16,0
pour_probe_clips_attn,attn_volume_both,best_val_mae,36.77196023279211,0
pour_probe_clips_attn,attn_volume_both,best_val_r2,0.6678693878878615,0
pour_probe_clips_attn,attn_volume_both,ckpt_val_mae,36.77196023279211,0
pour_probe_clips_attn,attn_volume_both,ckpt_val_r2,0.6666774322264495,0
pour_probe_clips_attn,attn_volume_both,lr,0.0,2980
pour_probe_clips_attn,attn_volume_both,mean_mae,76.89205932617188,0
pour_probe_clips_attn,attn_volume_both,mean_r2,-0.0049228668212890625,0
pour_probe_clips_attn,attn_volume_both,ridge_meanpool_mae,52.574462890625,0
pour_probe_clips_attn,attn_volume_both,ridge_meanpool_r2,0.4502103328704834,0
pour_probe_clips_attn,attn_volume_both,time_prof_mae,42.62258529663086,0
pour_probe_clips_attn,attn_volume_both,time_prof_r2,0.5766188502311707,0
pour_probe_clips_attn,attn_volume_both,train_loss,0.13713034987449646,2980
pour_probe_clips_attn,attn_volume_both,val_mae,36.73960117028297,2987
pour_probe_clips_attn,attn_volume_both,val_mae_CAM2,35.234995959727414,0
pour_probe_clips_attn,attn_volume_both,val_mae_CAM3,38.30892450585681,0
pour_probe_clips_attn,attn_volume_both,val_r2,0.6647742575575534,2987
pour_probe_clips_attn,attn_volume_both,val_r2_CAM2,0.6850072378126866,0
pour_probe_clips_attn,attn_volume_both,val_r2_CAM3,0.6483476266402124,0
pour_probe_clips_attn,attn_volume_both,val_tail_mean,0.6651548924913326,0
pour_probe_clips_attn,attn_volume_both,val_tail_std,0.0007612698675584451,0
pour_probe_clips_attn,attn_volume_both_volA,best_val_mae,35.339109425575245,0
pour_probe_clips_attn,attn_volume_both_volA,best_val_r2,0.6894453581681871,0
pour_probe_clips_attn,attn_volume_both_volA,ckpt_val_mae,35.339109425575245,0
pour_probe_clips_attn,attn_volume_both_volA,ckpt_val_r2,0.687269108881732,0
pour_probe_clips_attn,attn_volume_both_volA,lr,2.902689109302026e-08,2980
pour_probe_clips_attn,attn_volume_both_volA,mean_mae,76.89205932617188,0
pour_probe_clips_attn,attn_volume_both_volA,mean_r2,-0.0049228668212890625,0
pour_probe_clips_attn,attn_volume_both_volA,ridge_meanpool_mae,52.574462890625,0
pour_probe_clips_attn,attn_volume_both_volA,ridge_meanpool_r2,0.4502103328704834,0
pour_probe_clips_attn,attn_volume_both_volA,time_prof_mae,42.62258529663086,0
pour_probe_clips_attn,attn_volume_both_volA,time_prof_r2,0.5766188502311707,0
pour_probe_clips_attn,attn_volume_both_volA,train_loss,0.17395851016044617,2980
pour_probe_clips_attn,attn_volume_both_volA,val_mae,35.53049397561665,2987
pour_probe_clips_attn,attn_volume_both_volA,val_mae_CAM2,35.00443515984118,0
pour_probe_clips_attn,attn_volume_both_volA,val_mae_CAM3,35.67378369130931,0
pour_probe_clips_attn,attn_volume_both_volA,val_r2,0.6860524873950262,2987
pour_probe_clips_attn,attn_volume_both_volA,val_r2_CAM2,0.6719408841863662,0
pour_probe_clips_attn,attn_volume_both_volA,val_r2_CAM3,0.702597333577098,0
pour_probe_clips_attn,attn_volume_both_volA,val_tail_mean,0.6865829806633229,0
pour_probe_clips_attn,attn_volume_both_volA,val_tail_std,0.0009169910852222526,0
pour_probe_clips_attn,attn_volume_both_volB,best_val_mae,40.529072467906175,0
pour_probe_clips_attn,attn_volume_both_volB,best_val_r2,0.5960843711540074,0
pour_probe_clips_attn,attn_volume_both_volB,ckpt_val_mae,40.529072467906175,0
pour_probe_clips_attn,attn_volume_both_volB,ckpt_val_r2,0.6017666319705014,0
pour_probe_clips_attn,attn_volume_both_volB,lr,9.174998728100903e-08,2920
pour_probe_clips_attn,attn_volume_both_volB,mean_mae,77.86082458496094,0
pour_probe_clips_attn,attn_volume_both_volB,mean_r2,-0.004629731178283691,0
pour_probe_clips_attn,attn_volume_both_volB,ridge_meanpool_mae,61.45341873168945,0
pour_probe_clips_attn,attn_volume_both_volB,ridge_meanpool_r2,0.29968899488449097,0
pour_probe_clips_attn,attn_volume_both_volB,time_prof_mae,42.99928665161133,0
pour_probe_clips_attn,attn_volume_both_volB,time_prof_r2,0.585223913192749,0
pour_probe_clips_attn,attn_volume_both_volB,train_loss,0.03216926008462906,2920
pour_probe_clips_attn,attn_volume_both_volB,val_mae,41.07995786000701,2929
pour_probe_clips_attn,attn_volume_both_volB,val_mae_CAM2,38.40363540942613,0
pour_probe_clips_attn,attn_volume_both_volB,val_mae_CAM3,42.654509526386235,0
pour_probe_clips_attn,attn_volume_both_volB,val_r2,0.5869096034800257,2929
pour_probe_clips_attn,attn_volume_both_volB,val_r2_CAM2,0.629001508279337,0
pour_probe_clips_attn,attn_volume_both_volB,val_r2_CAM3,0.5745317556616656,0
pour_probe_clips_attn,attn_volume_both_volB,val_tail_mean,0.5886998192251423,0
pour_probe_clips_attn,attn_volume_both_volB,val_tail_std,0.006816522998950158,0
pour_probe_clips_attn,attn_volume_both_volC,best_val_mae,43.29165095054794,0
pour_probe_clips_attn,attn_volume_both_volC,best_val_r2,0.46312906990970576,0
pour_probe_clips_attn,attn_volume_both_volC,ckpt_val_mae,43.29165095054794,0
pour_probe_clips_attn,attn_volume_both_volC,ckpt_val_r2,0.4961422921937829,0
pour_probe_clips_attn,attn_volume_both_volC,lr,8.472988526242453e-09,2840
pour_probe_clips_attn,attn_volume_both_volC,mean_mae,71.54871368408203,0
pour_probe_clips_attn,attn_volume_both_volC,mean_r2,-0.021437525749206543,0
pour_probe_clips_attn,attn_volume_both_volC,ridge_meanpool_mae,54.240989685058594,0
pour_probe_clips_attn,attn_volume_both_volC,ridge_meanpool_r2,0.3034411072731018,0
pour_probe_clips_attn,attn_volume_both_volC,time_prof_mae,43.558414459228516,0
pour_probe_clips_attn,attn_volume_both_volC,time_prof_r2,0.47701990604400635,0
pour_probe_clips_attn,attn_volume_both_volC,train_loss,0.11165189743041992,2840
pour_probe_clips_attn,attn_volume_both_volC,val_mae,43.194455714175,2842
pour_probe_clips_attn,attn_volume_both_volC,val_mae_CAM2,40.66245089546929,0
pour_probe_clips_attn,attn_volume_both_volC,val_mae_CAM3,45.92085100562659,0
pour_probe_clips_attn,attn_volume_both_volC,val_r2,0.4255992202396812,2842
pour_probe_clips_attn,attn_volume_both_volC,val_r2_CAM2,0.5308639051515234,0
pour_probe_clips_attn,attn_volume_both_volC,val_r2_CAM3,0.46142067923604246,0
pour_probe_clips_attn,attn_volume_both_volC,val_tail_mean,0.43398679640597004,0
pour_probe_clips_attn,attn_volume_both_volC,val_tail_std,0.022584341243152187,0
pour_probe_clips_attn,attn_volume_both_volD,best_val_mae,39.93349875714768,0
pour_probe_clips_attn,attn_volume_both_volD,best_val_r2,0.49815070072360523,0
pour_probe_clips_attn,attn_volume_both_volD,ckpt_val_mae,39.93349875714768,0
pour_probe_clips_attn,attn_volume_both_volD,ckpt_val_r2,0.5180239708799907,0
pour_probe_clips_attn,attn_volume_both_volD,lr,0.0,2960
pour_probe_clips_attn,attn_volume_both_volD,mean_mae,74.34222412109375,0
pour_probe_clips_attn,attn_volume_both_volD,mean_r2,-2.2649765014648438e-06,0
pour_probe_clips_attn,attn_volume_both_volD,ridge_meanpool_mae,51.038352966308594,0
pour_probe_clips_attn,attn_volume_both_volD,ridge_meanpool_r2,0.4280175566673279,0
pour_probe_clips_attn,attn_volume_both_volD,time_prof_mae,43.83536148071289,0
pour_probe_clips_attn,attn_volume_both_volD,time_prof_r2,0.569469690322876,0
pour_probe_clips_attn,attn_volume_both_volD,train_loss,0.09370086342096329,2960
pour_probe_clips_attn,attn_volume_both_volD,val_mae,41.1310771478666,2968
pour_probe_clips_attn,attn_volume_both_volD,val_mae_CAM2,37.79804200338117,0
pour_probe_clips_attn,attn_volume_both_volD,val_mae_CAM3,42.0689555109142,0
pour_probe_clips_attn,attn_volume_both_volD,val_r2,0.49846302620567573,2968
pour_probe_clips_attn,attn_volume_both_volD,val_r2_CAM2,0.5289760308102545,0
pour_probe_clips_attn,attn_volume_both_volD,val_r2_CAM3,0.5070719109497271,0
pour_probe_clips_attn,attn_volume_both_volD,val_tail_mean,0.4946525386737214,0
pour_probe_clips_attn,attn_volume_both_volD,val_tail_std,0.004039507379198687,0
pour_probe_sow_attn,attn_flow_sowS2_v,best_val_mae,10.092619840438536,0
pour_probe_sow_attn,attn_flow_sowS2_v,best_val_r2,-0.11447193163163405,0
pour_probe_sow_attn,attn_flow_sowS2_v,ckpt_val_mae,10.092619840438536,0
pour_probe_sow_attn,attn_flow_sowS2_v,ckpt_val_r2,-0.4881910421546478,0
pour_probe_sow_attn,attn_flow_sowS2_v,container_mean_mae,12.069223112089958,0
pour_probe_sow_attn,attn_flow_sowS2_v,container_mean_r2,-1.0085387023369332,0
pour_probe_sow_attn,attn_flow_sowS2_v,lr,0.0,1780
pour_probe_sow_attn,attn_flow_sowS2_v,mean_removed_r2,-0.06790835294385089,0
pour_probe_sow_attn,attn_flow_sowS2_v,predict_mean_mae,12.069223112089958,0
pour_probe_sow_attn,attn_flow_sowS2_v,predict_mean_r2,-1.0085387023369332,0
pour_probe_sow_attn,attn_flow_sowS2_v,predict_mean_withinvid_mae,0.0,0
pour_probe_sow_attn,attn_flow_sowS2_v,predict_mean_withinvid_r2,0.0,0
pour_probe_sow_attn,attn_flow_sowS2_v,time_prof_mae,12.200604540453128,0
pour_probe_sow_attn,attn_flow_sowS2_v,time_prof_r2,-1.073290103586209,0
pour_probe_sow_attn,attn_flow_sowS2_v,time_prof_withinvid_mae,0.0,0
pour_probe_sow_attn,attn_flow_sowS2_v,time_prof_withinvid_r2,-0.13016606436255906,0
pour_probe_sow_attn,attn_flow_sowS2_v,train_loss,0.13708648085594177,1780
pour_probe_sow_attn,attn_flow_sowS2_v,val_mae,7.471698138690063,1788
pour_probe_sow_attn,attn_flow_sowS2_v,val_mean_removed_r2,-0.15419817202264263,1788
pour_probe_sow_attn,attn_flow_sowS2_v,val_r2,0.0769896125166043,1788
pour_probe_sow_attn,attn_flow_sowS2_v,val_tail_mean,-0.12506061665612828,0
pour_probe_sow_attn,attn_flow_sowS2_v,val_tail_std,0.05358647141135942,0
pour_probe_sow_attn,attn_flow_sowS2_v,within_video_corr,0.07972289281320377,0
pour_probe_sow_attn,attn_volume_sowS1_v,best_val_mae,134.76382772331215,0
pour_probe_sow_attn,attn_volume_sowS1_v,best_val_mae,79.21775046289204,0
pour_probe_sow_attn,attn_volume_sowS1_v,best_val_mae,71.43563921913142,0
pour_probe_sow_attn,attn_volume_sowS1_v,best_val_r2,0.4307658645161961,0
pour_probe_sow_attn,attn_volume_sowS1_v,best_val_r2,0.6819259181840809,0
pour_probe_sow_attn,attn_volume_sowS1_v,best_val_r2,-0.21716441025652822,0
pour_probe_sow_attn,attn_volume_sowS1_v,ckpt_val_mae,134.76382772331215,0
pour_probe_sow_attn,attn_volume_sowS1_v,ckpt_val_mae,79.21775046289204,0
pour_probe_sow_attn,attn_volume_sowS1_v,ckpt_val_mae,71.43563921913142,0
pour_probe_sow_attn,attn_volume_sowS1_v,ckpt_val_r2,-7.958321487047222,0
pour_probe_sow_attn,attn_volume_sowS1_v,ckpt_val_r2,-1.284798909343226,0
pour_probe_sow_attn,attn_volume_sowS1_v,ckpt_val_r2,-0.21716441025652822,0
pour_probe_sow_attn,attn_volume_sowS1_v,container_mean_mae,127.34062348563475,0
pour_probe_sow_attn,attn_volume_sowS1_v,container_mean_mae,127.34062348563475,0
pour_probe_sow_attn,attn_volume_sowS1_v,container_mean_mae,103.19759653393005,0
pour_probe_sow_attn,attn_volume_sowS1_v,container_mean_r2,-4.384959641244917,0
pour_probe_sow_attn,attn_volume_sowS1_v,container_mean_r2,-4.384959641244917,0
pour_probe_sow_attn,attn_volume_sowS1_v,container_mean_r2,-1.012812727490659,0
pour_probe_sow_attn,attn_volume_sowS1_v,lr,0.0,1270
pour_probe_sow_attn,attn_volume_sowS1_v,lr,4.6548918743033465e-07,540
pour_probe_sow_attn,attn_volume_sowS1_v,lr,0.001,210
pour_probe_sow_attn,attn_volume_sowS1_v,lr,0.0002722591692888683,360
pour_probe_sow_attn,attn_volume_sowS1_v,lr,0.0009152195367919277,530
pour_probe_sow_attn,attn_volume_sowS1_v,mean_removed_r2,0.1626354926089877,0
pour_probe_sow_attn,attn_volume_sowS1_v,mean_removed_r2,0.6819259181840809,0
pour_probe_sow_attn,attn_volume_sowS1_v,mean_removed_r2,0.7029686471419087,0
pour_probe_sow_attn,attn_volume_sowS1_v,predict_mean_mae,127.34062348563475,0
pour_probe_sow_attn,attn_volume_sowS1_v,predict_mean_mae,127.34062348563475,0
pour_probe_sow_attn,attn_volume_sowS1_v,predict_mean_mae,103.19759653393005,0
pour_probe_sow_attn,attn_volume_sowS1_v,predict_mean_r2,-4.384959641244917,0
pour_probe_sow_attn,attn_volume_sowS1_v,predict_mean_r2,-4.384959641244917,0
pour_probe_sow_attn,attn_volume_sowS1_v,predict_mean_r2,-1.012812727490659,0
pour_probe_sow_attn,attn_volume_sowS1_v,predict_mean_withinvid_mae,0.0,0
pour_probe_sow_attn,attn_volume_sowS1_v,predict_mean_withinvid_r2,0.0,0
pour_probe_sow_attn,attn_volume_sowS1_v,time_prof_mae,128.03096484186204,0
pour_probe_sow_attn,attn_volume_sowS1_v,time_prof_mae,128.03096484186204,0
pour_probe_sow_attn,attn_volume_sowS1_v,time_prof_mae,89.47010683245861,0
pour_probe_sow_attn,attn_volume_sowS1_v,time_prof_r2,-4.412058557220804,0
pour_probe_sow_attn,attn_volume_sowS1_v,time_prof_r2,-4.412058557220804,0
pour_probe_sow_attn,attn_volume_sowS1_v,time_prof_r2,-0.4279565528644689,0
pour_probe_sow_attn,attn_volume_sowS1_v,time_prof_withinvid_mae,0.0,0
pour_probe_sow_attn,attn_volume_sowS1_v,time_prof_withinvid_r2,0.0575451163527968,0
pour_probe_sow_attn,attn_volume_sowS1_v,train_loss,0.0575738362967968,1270
pour_probe_sow_attn,attn_volume_sowS1_v,train_loss,0.01654953882098198,540
pour_probe_sow_attn,attn_volume_sowS1_v,train_loss,0.28170087933540344,210
pour_probe_sow_attn,attn_volume_sowS1_v,train_loss,0.06281156837940216,360
pour_probe_sow_attn,attn_volume_sowS1_v,train_loss,0.024571605026721954,530
pour_probe_sow_attn,attn_volume_sowS1_v,val_mae,132.60311086332908,1274
pour_probe_sow_attn,attn_volume_sowS1_v,val_mae,119.72407944780424,546
pour_probe_sow_attn,attn_volume_sowS1_v,val_mae,71.43563921913142,212
pour_probe_sow_attn,attn_volume_sowS1_v,val_mae,148.12042371836876,182
pour_probe_sow_attn,attn_volume_sowS1_v,val_mae,198.51090373028774,424
pour_probe_sow_attn,attn_volume_sowS1_v,val_mean_removed_r2,0.39588829115665003,1274
pour_probe_sow_attn,attn_volume_sowS1_v,val_mean_removed_r2,0.24870165239612796,546
pour_probe_sow_attn,attn_volume_sowS1_v,val_mean_removed_r2,-0.18213783148815343,182
pour_probe_sow_attn,attn_volume_sowS1_v,val_r2,-8.512294969151975,1274
pour_probe_sow_attn,attn_volume_sowS1_v,val_r2,-7.767804132076099,546
pour_probe_sow_attn,attn_volume_sowS1_v,val_r2,-0.21716441025652822,212
pour_probe_sow_attn,attn_volume_sowS1_v,val_r2,-13.089835703478203,182
pour_probe_sow_attn,attn_volume_sowS1_v,val_r2,-8.371437556121032,424
pour_probe_sow_attn,attn_volume_sowS1_v,val_tail_mean,0.37043651000895644,0
pour_probe_sow_attn,attn_volume_sowS1_v,val_tail_mean,0.39905392064157724,0
pour_probe_sow_attn,attn_volume_sowS1_v,val_tail_mean,-0.21716441025652822,0
pour_probe_sow_attn,attn_volume_sowS1_v,val_tail_std,0.12720043126850145,0
pour_probe_sow_attn,attn_volume_sowS1_v,val_tail_std,0.2001531498737923,0
pour_probe_sow_attn,attn_volume_sowS1_v,val_tail_std,0.0,0
pour_probe_sow_attn,attn_volume_sowS1_v,within_video_corr,0.9565004913120303,0
pour_probe_sow_attn,attn_volume_sowS2_v,best_val_mae,91.36539220229871,0
pour_probe_sow_attn,attn_volume_sowS2_v,best_val_r2,0.3438356073489581,0
pour_probe_sow_attn,attn_volume_sowS2_v,ckpt_val_mae,91.36539220229871,0
pour_probe_sow_attn,attn_volume_sowS2_v,ckpt_val_r2,-3.28007650418761,0
pour_probe_sow_attn,attn_volume_sowS2_v,container_mean_mae,108.17120583431458,0
pour_probe_sow_attn,attn_volume_sowS2_v,container_mean_r2,-3.1073092495931025,0
pour_probe_sow_attn,attn_volume_sowS2_v,lr,0.0,1190
pour_probe_sow_attn,attn_volume_sowS2_v,mean_removed_r2,0.2868094958523115,0
pour_probe_sow_attn,attn_volume_sowS2_v,predict_mean_mae,108.17120583431458,0
pour_probe_sow_attn,attn_volume_sowS2_v,predict_mean_r2,-3.1073092495931025,0
pour_probe_sow_attn,attn_volume_sowS2_v,predict_mean_withinvid_mae,0.0,0
pour_probe_sow_attn,attn_volume_sowS2_v,predict_mean_withinvid_r2,-2.220446049250313e-16,0
pour_probe_sow_attn,attn_volume_sowS2_v,time_prof_mae,107.78017052058243,0
pour_probe_sow_attn,attn_volume_sowS2_v,time_prof_r2,-2.9345602911948756,0
pour_probe_sow_attn,attn_volume_sowS2_v,time_prof_withinvid_mae,0.0,0
pour_probe_sow_attn,attn_volume_sowS2_v,time_prof_withinvid_r2,0.2530604200715567,0
pour_probe_sow_attn,attn_volume_sowS2_v,train_loss,0.024909457191824913,1190
pour_probe_sow_attn,attn_volume_sowS2_v,val_mae,91.36539220229871,1192
pour_probe_sow_attn,attn_volume_sowS2_v,val_mean_removed_r2,0.2868094958523115,1192
pour_probe_sow_attn,attn_volume_sowS2_v,val_r2,-3.28007650418761,1192
pour_probe_sow_attn,attn_volume_sowS2_v,val_tail_mean,0.2749095004994895,0
pour_probe_sow_attn,attn_volume_sowS2_v,val_tail_std,0.13831265562093398,0
pour_probe_sow_attn,attn_volume_sowS2_v,within_video_corr,0.9622641155398862,0
pour_probe_sow_attn,attn_volume_sowS2o_v,best_val_mae,95.43150053491091,0
pour_probe_sow_attn,attn_volume_sowS2o_v,best_val_r2,0.7707475841431887,0
pour_probe_sow_attn,attn_volume_sowS2o_v,ckpt_val_mae,95.43150053491091,0
pour_probe_sow_attn,attn_volume_sowS2o_v,ckpt_val_r2,-0.38716554845147333,0
pour_probe_sow_attn,attn_volume_sowS2o_v,container_mean_mae,84.16330250741204,0
pour_probe_sow_attn,attn_volume_sowS2o_v,container_mean_r2,-0.001866442179756067,0
pour_probe_sow_attn,attn_volume_sowS2o_v,lr,0.0,1100
pour_probe_sow_attn,attn_volume_sowS2o_v,mean_removed_r2,0.749298959403752,0
pour_probe_sow_attn,attn_volume_sowS2o_v,predict_mean_mae,84.16330250741204,0
pour_probe_sow_attn,attn_volume_sowS2o_v,predict_mean_r2,-0.001866442179756067,0
pour_probe_sow_attn,attn_volume_sowS2o_v,predict_mean_withinvid_mae,0.0,0
pour_probe_sow_attn,attn_volume_sowS2o_v,predict_mean_withinvid_r2,-2.220446049250313e-16,0
pour_probe_sow_attn,attn_volume_sowS2o_v,time_prof_mae,18.20391911690142,0
pour_probe_sow_attn,attn_volume_sowS2o_v,time_prof_r2,0.9413259730754266,0
pour_probe_sow_attn,attn_volume_sowS2o_v,time_prof_withinvid_mae,0.0,0
pour_probe_sow_attn,attn_volume_sowS2o_v,time_prof_withinvid_r2,0.9759934488076769,0
pour_probe_sow_attn,attn_volume_sowS2o_v,train_loss,0.04093398153781891,1100
pour_probe_sow_attn,attn_volume_sowS2o_v,val_mae,72.18964240636639,1105
pour_probe_sow_attn,attn_volume_sowS2o_v,val_mean_removed_r2,0.7627162981665615,1105
pour_probe_sow_attn,attn_volume_sowS2o_v,val_r2,0.10779053091766366,1105
pour_probe_sow_attn,attn_volume_sowS2o_v,val_tail_mean,0.7627162981665615,0
pour_probe_sow_attn,attn_volume_sowS2o_v,val_tail_std,0.0,0
pour_probe_sow_attn,attn_volume_sowS2o_v,within_video_corr,0.8658902389570426,0
pour_probe_sow_attn,attn_volume_sowS3_v,best_val_mae,61.859519929991954,0
pour_probe_sow_attn,attn_volume_sowS3_v,best_val_r2,0.7410110016024004,0
pour_probe_sow_attn,attn_volume_sowS3_v,ckpt_val_mae,61.859519929991954,0
pour_probe_sow_attn,attn_volume_sowS3_v,ckpt_val_r2,0.6178133267588801,0
pour_probe_sow_attn,attn_volume_sowS3_v,container_mean_mae,113.75929126004155,0
pour_probe_sow_attn,attn_volume_sowS3_v,container_mean_r2,-0.04471401938217445,0
pour_probe_sow_attn,attn_volume_sowS3_v,lr,0.00015428571428571425,340
pour_probe_sow_attn,attn_volume_sowS3_v,lr,0.0,1990
pour_probe_sow_attn,attn_volume_sowS3_v,mean_removed_r2,0.8034105603007032,0
pour_probe_sow_attn,attn_volume_sowS3_v,predict_mean_mae,113.75929126004155,0
pour_probe_sow_attn,attn_volume_sowS3_v,predict_mean_r2,-0.04471401938217445,0
pour_probe_sow_attn,attn_volume_sowS3_v,predict_mean_withinvid_mae,0.0,0
pour_probe_sow_attn,attn_volume_sowS3_v,predict_mean_withinvid_r2,0.0,0
pour_probe_sow_attn,attn_volume_sowS3_v,time_prof_mae,85.88556093036611,0
pour_probe_sow_attn,attn_volume_sowS3_v,time_prof_r2,0.39161075724575,0
pour_probe_sow_attn,attn_volume_sowS3_v,time_prof_withinvid_mae,0.0,0
pour_probe_sow_attn,attn_volume_sowS3_v,time_prof_withinvid_r2,0.7988835278283287,0
pour_probe_sow_attn,attn_volume_sowS3_v,train_loss,0.07754112780094147,340
pour_probe_sow_attn,attn_volume_sowS3_v,train_loss,0.062273312360048294,1990
pour_probe_sow_attn,attn_volume_sowS3_v,val_mae,61.859519929991954,1995
pour_probe_sow_attn,attn_volume_sowS3_v,val_mean_removed_r2,0.8034105603007032,1995
pour_probe_sow_attn,attn_volume_sowS3_v,val_r2,0.6178133267588801,1995
pour_probe_sow_attn,attn_volume_sowS3_v,val_tail_mean,0.7410110016024004,0
pour_probe_sow_attn,attn_volume_sowS3_v,val_tail_std,0.08542022763335748,0
pour_probe_sow_attn,attn_volume_sowS3_v,within_video_corr,0.9510817309223478,0
